CLASSES,REGION-CONTINENTE,REGION-CENTROID-ROW,REGION-PIXEL-COUNT,SHORT-LINE-DENSITY-5,SHORT-LINE-DENSITY-2,VEDGE-MEAN,VEDGE-SD,HEDGE-MEAN,HEDGE-SD
BRICKFACE,142.0,100.0,9,0.0,0.0,0.6666667,0.26666614,1.388889,0.9074066
BRICKFACE,27.0,50.0,9,0.0,0.0,1.0555557,0.46296322,1.0000004,0.48888907
BRICKFACE,19.0,55.0,9,0.0,0.0,1.444445,2.8296297,1.277778,0.862964
BRICKFACE,34.0,83.0,9,0.0,0.0,1.4444447,0.34074098,2.444445,0.42963055
BRICKFACE,82.0,109.0,9,0.11111111,0.0,0.722223,0.24074084,1.3333336,0.8000008
BRICKFACE,99.0,107.0,9,0.11111111,0.0,1.5555557,2.0296292,3.3333333,2.2666647
BRICKFACE,35.0,62.0,9,0.0,0.0,0.7777786,0.5185192,1.2222227,1.051853
BRICKFACE,8.0,79.0,9,0.0,0.0,1.2777778,2.2851846,2.111111,0.51851857
BRICKFACE,23.0,85.0,9,0.0,0.0,1.4444445,1.0518525,1.777778,0.96296287
BRICKFACE,37.0,114.0,9,0.33333334,0.0,1.388889,2.0185165,3.8888884,3.7629619
BRICKFACE,1.0,115.0,9,0.11111111,0.0,1.8333331,2.3888893,2.2222226,4.9629602
BRICKFACE,14.0,60.0,9,0.0,0.0,0.55555505,0.78518444,1.0555553,0.06296298
BRICKFACE,69.0,85.0,9,0.11111111,0.0,3.1111114,8.207409,3.944444,9.440739
BRICKFACE,42.0,63.0,9,0.11111111,0.0,1.5000004,1.0999995,1.9444441,2.462962
BRICKFACE,78.0,69.0,9,0.0,0.0,1.4999996,1.1444438,1.6111107,1.4407405
BRICKFACE,137.0,66.0,9,0.0,0.0,2.611111,3.040741,2.9444444,3.8851848
BRICKFACE,88.0,89.0,9,0.0,0.0,0.7777774,0.38518468,3.6666667,4.0444417
BRICKFACE,88.0,71.0,9,0.11111111,0.11111111,1.4444447,0.785185,4.5,5.677779
BRICKFACE,88.0,115.0,9,0.0,0.0,1.666667,1.8222212,4.166667,4.2111125
BRICKFACE,13.0,73.0,9,0.0,0.0,1.3888887,0.72962976,2.611111,3.1296275
BRICKFACE,127.0,118.0,9,0.22222222,0.0,1.722222,1.5296288,3.444444,9.496296
BRICKFACE,29.0,66.0,9,0.0,0.0,2.5555553,2.1629624,2.1666667,5.144446
BRICKFACE,75.0,67.0,9,0.0,0.0,1.4444447,1.0074071,1.8333334,1.5444458
BRICKFACE,14.0,110.0,9,0.0,0.0,1.7222224,5.3518505,2.6666667,1.0222229
BRICKFACE,122.0,91.0,9,0.0,0.0,2.2222223,2.029629,2.1666663,1.2777776
BRICKFACE,95.0,100.0,9,0.11111111,0.0,0.7222223,0.1074075,1.2222217,1.140741
BRICKFACE,145.0,102.0,9,0.0,0.0,0.88888866,0.6074083,2.611111,1.4851857
BRICKFACE,26.0,93.0,9,0.0,0.0,2.4999993,0.21111093,2.1111114,9.1407385
BRICKFACE,140.0,103.0,9,0.11111111,0.0,2.166666,3.4111135,1.8333334,2.1666677
BRICKFACE,83.0,114.0,9,0.0,0.0,1.388889,1.129629,1.9444443,0.59629667
BRICKFACE,7.0,34.0,9,0.0,0.0,2.0,3.6888885,1.5,2.0333328
BRICKFACE,95.0,109.0,9,0.0,0.0,1.0,0.4888888,1.9444443,2.729629
BRICKFACE,100.0,111.0,9,0.0,0.0,1.6111107,0.9074074,1.6111107,0.81851804
BRICKFACE,38.0,106.0,9,0.0,0.0,2.2222223,2.5185175,2.1111114,3.1407404
BRICKFACE,23.0,86.0,9,0.0,0.0,0.88888913,0.6518528,1.7222222,1.3074087
BRICKFACE,96.0,84.0,9,0.0,0.0,1.5000004,1.2777773,1.6111107,2.2851882
BRICKFACE,146.0,72.0,9,0.0,0.0,0.944444,0.507407,1.6666664,0.5777763
BRICKFACE,40.0,73.0,9,0.11111111,0.0,1.3888893,1.0851853,1.6111116,2.5074077
BRICKFACE,39.0,60.0,9,0.11111111,0.0,1.5555559,1.1407412,2.444445,1.94074
BRICKFACE,9.0,92.0,9,0.0,0.0,1.3888887,2.4185164,2.4999998,0.87777764
BRICKFACE,97.0,77.0,9,0.0,0.11111111,1.222222,1.8518518,4.4444447,6.5629597
BRICKFACE,137.0,94.0,9,0.22222222,0.0,1.666667,0.7999998,3.666667,2.8888905
BRICKFACE,5.0,92.0,9,0.0,0.0,1.3333335,0.48888856,2.1666667,1.2777781
BRICKFACE,69.0,92.0,9,0.11111111,0.0,1.888889,4.518517,1.9999999,1.0222219
BRICKFACE,85.0,56.0,9,0.0,0.0,1.3333334,0.40000024,1.2777773,1.8407404
BRICKFACE,41.0,61.0,9,0.0,0.0,2.0555553,1.5740743,1.5555553,1.940741
BRICKFACE,95.0,57.0,9,0.0,0.0,1.8333327,3.4111106,2.1111107,1.7185175
BRICKFACE,121.0,113.0,9,0.0,0.0,1.722222,1.5296303,2.944444,1.5296295
BRICKFACE,85.0,101.0,9,0.0,0.0,1.3333334,1.2888881,1.2777777,1.2185181
BRICKFACE,131.0,86.0,9,0.0,0.0,1.3888893,1.2185189,1.6666673,2.5777786
BRICKFACE,122.0,106.0,9,0.11111111,0.0,1.611111,0.59629595,1.6111113,2.7296302
BRICKFACE,67.0,61.0,9,0.0,0.0,1.0555557,0.50740737,0.8333333,0.38888904
BRICKFACE,65.0,54.0,9,0.0,0.0,1.777778,1.6740733,2.722222,4.3296285
BRICKFACE,86.0,74.0,9,0.11111111,0.0,1.3333336,1.5555557,0.6666673,0.13333334
BRICKFACE,141.0,89.0,9,0.0,0.0,1.277778,1.4851854,1.6666666,3.6888885
BRICKFACE,69.0,74.0,9,0.22222222,0.0,3.8888886,9.940739,2.166667,2.4777777
BRICKFACE,17.0,64.0,9,0.0,0.0,1.4444443,1.3629619,1.6666664,1.4222221
BRICKFACE,5.0,101.0,9,0.0,0.0,2.3333333,2.3111115,1.7777777,0.60740685
BRICKFACE,78.0,108.0,9,0.0,0.0,0.8333335,0.43333328,1.6111107,1.1740738
BRICKFACE,127.0,121.0,9,0.0,0.0,1.6666664,0.8000008,2.0000002,2.4444427
BRICKFACE,71.0,90.0,9,0.0,0.0,2.777778,2.0740724,5.111111,3.2740743
BRICKFACE,24.0,58.0,9,0.0,0.0,0.8888893,0.1629633,1.3888887,2.285186
BRICKFACE,4.0,87.0,9,0.11111111,0.0,2.7777777,3.0962942,2.722222,4.3740745
BRICKFACE,149.0,117.0,9,0.22222222,0.0,0.833333,0.2555556,0.9999997,0.44444454
BRICKFACE,79.0,57.0,9,0.0,0.0,1.7222223,1.6185173,1.9444447,1.9740733
BRICKFACE,22.0,60.0,9,0.0,0.0,0.5,0.30000025,1.2777777,0.7296294
BRICKFACE,101.0,72.0,9,0.0,0.0,2.5000002,4.744444,1.7777777,6.296294
BRICKFACE,64.0,74.0,9,0.0,0.0,1.333333,0.5777771,1.3888893,0.9074071
BRICKFACE,140.0,116.0,9,0.0,0.0,0.94444495,0.28518537,0.8888893,0.074074045
BRICKFACE,21.0,53.0,9,0.0,0.0,0.888889,0.5185181,1.1666666,0.43333283
BRICKFACE,26.0,67.0,9,0.11111111,0.0,1.0,0.8888903,2.4444447,3.1851847
BRICKFACE,79.0,95.0,9,0.0,0.0,1.6666666,3.7333338,2.4999993,7.188887
BRICKFACE,75.0,59.0,9,0.0,0.0,1.0555553,0.7740732,2.944445,2.5518503
BRICKFACE,97.0,86.0,9,0.11111111,0.0,1.5000004,0.8333331,3.555556,2.1629639
BRICKFACE,7.0,114.0,9,0.0,0.0,1.1666665,0.78888893,2.1111114,1.2740738
BRICKFACE,4.0,40.0,9,0.0,0.0,1.3333338,2.711112,1.1111115,2.1185184
BRICKFACE,68.0,117.0,9,0.0,0.0,0.44444433,0.20740744,1.611111,2.1518512
BRICKFACE,147.0,69.0,9,0.0,0.0,2.0555556,2.9074075,1.8888897,2.562964
BRICKFACE,134.0,104.0,9,0.0,0.0,2.388889,1.8407409,2.6666663,3.5555563
BRICKFACE,84.0,51.0,9,0.0,0.0,1.7777777,1.6296308,2.6666672,0.88888854
BRICKFACE,10.0,61.0,9,0.11111111,0.0,2.2222219,3.185182,3.1111107,7.185185
BRICKFACE,120.0,108.0,9,0.11111111,0.0,0.611111,0.6407408,0.944444,0.1518519
BRICKFACE,136.0,77.0,9,0.22222222,0.0,1.888889,1.4962952,3.0555556,5.618516
BRICKFACE,145.0,101.0,9,0.11111111,0.0,0.55555534,0.118518576,1.611111,0.5962954
BRICKFACE,8.0,102.0,9,0.0,0.0,1.888889,1.8518513,1.9444443,3.2629614
BRICKFACE,69.0,81.0,9,0.0,0.0,1.833333,2.2111096,1.8333334,1.0111104
BRICKFACE,67.0,64.0,9,0.0,0.0,2.1111107,2.1185186,2.388889,3.440744
BRICKFACE,90.0,101.0,9,0.11111111,0.0,0.8888893,0.3851848,1.7222223,1.8851866
BRICKFACE,125.0,56.0,9,0.0,0.0,2.666666,3.6444438,2.7222216,1.5740722
BRICKFACE,42.0,56.0,9,0.0,0.0,1.0555553,0.95185125,1.333333,1.5999998
BRICKFACE,11.0,108.0,9,0.0,0.0,1.3333335,0.80000025,1.3888888,0.95185167
BRICKFACE,69.0,75.0,9,0.11111111,0.0,2.111111,1.4074076,1.5000004,2.21111
BRICKFACE,2.0,44.0,9,0.0,0.0,2.1666672,2.3888876,2.3888896,1.5296285
BRICKFACE,139.0,86.0,9,0.11111111,0.0,1.4444447,1.2740743,1.222222,1.3185184
BRICKFACE,13.0,103.0,9,0.0,0.0,1.3888888,0.5962964,2.277778,2.1518524
BRICKFACE,89.0,89.0,9,0.0,0.0,1.722222,2.9074073,2.9444447,4.862958
BRICKFACE,96.0,80.0,9,0.11111111,0.0,1.5555557,4.162963,2.5000002,1.9
BRICKFACE,23.0,88.0,9,0.0,0.0,2.0000002,3.2,2.9444447,1.040741
BRICKFACE,24.0,83.0,9,0.0,0.0,2.7777774,4.918518,3.6111107,2.3740723
BRICKFACE,89.0,53.0,9,0.0,0.0,2.1111107,1.7185186,2.8333333,3.0111105
BRICKFACE,97.0,75.0,9,0.0,0.11111111,2.0000002,1.9111089,3.7777777,8.296293
BRICKFACE,90.0,111.0,9,0.0,0.0,1.6666666,1.4666656,1.333333,1.0222224
BRICKFACE,24.0,65.0,9,0.0,0.0,1.2222227,1.7629641,2.333334,2.3555567
BRICKFACE,73.0,103.0,9,0.0,0.0,1.2777773,0.32962978,1.1111107,1.5407397
BRICKFACE,88.0,88.0,9,0.0,0.0,0.833333,0.4777776,2.888889,2.3851826
BRICKFACE,121.0,60.0,9,0.0,0.0,2.277778,2.329629,2.888889,2.8740742
BRICKFACE,91.0,115.0,9,0.11111111,0.0,1.7222223,1.4407418,3.888889,2.8296306
BRICKFACE,27.0,68.0,9,0.0,0.0,1.388889,1.4851855,1.7777777,5.0962973
BRICKFACE,29.0,100.0,9,0.0,0.0,2.2222226,1.3629644,2.6666672,3.6444447
BRICKFACE,23.0,113.0,9,0.0,0.0,0.72222203,0.9962958,2.777778,2.7851818
BRICKFACE,40.0,85.0,9,0.11111111,0.0,1.111111,0.5185188,2.5000007,0.6555552
BRICKFACE,30.0,102.0,9,0.0,0.0,1.2222217,0.11851845,1.333333,0.7999998
BRICKFACE,77.0,78.0,9,0.0,0.0,2.222223,2.3407404,2.0,5.8666697
BRICKFACE,96.0,92.0,9,0.11111111,0.0,3.3333337,2.9777782,1.777778,0.6518514
BRICKFACE,147.0,92.0,9,0.0,0.0,1.111111,0.42963067,1.388889,2.240742
BRICKFACE,42.0,59.0,9,0.0,0.0,1.833333,3.5000002,2.0555553,0.86296284
BRICKFACE,2.0,63.0,9,0.0,0.0,1.2222219,0.5629627,1.4999999,0.7000005
BRICKFACE,31.0,106.0,9,0.0,0.0,1.6111107,0.7296303,0.7222223,1.1740737
BRICKFACE,33.0,104.0,9,0.11111111,0.0,1.5555559,0.96296257,3.0555563,5.040743
BRICKFACE,81.0,98.0,9,0.11111111,0.0,1.2222227,0.42963,1.888889,3.2296317
BRICKFACE,6.0,90.0,9,0.0,0.0,1.9444447,0.5962962,1.3333336,1.8222237
BRICKFACE,76.0,81.0,9,0.11111111,0.0,1.888889,1.6740727,1.3333334,2.3999984
BRICKFACE,145.0,90.0,9,0.0,0.0,1.0,0.5777784,2.0,0.399999
BRICKFACE,133.0,67.0,9,0.0,0.0,1.388889,1.3962967,2.1111114,1.2296311
BRICKFACE,80.0,95.0,9,0.0,0.0,1.2222223,1.0074079,0.944444,0.5518514
BRICKFACE,75.0,107.0,9,0.11111111,0.0,1.1666665,0.34444454,1.7777777,1.5407407
BRICKFACE,123.0,104.0,9,0.0,0.0,2.2777777,2.107407,4.0,2.0000021
BRICKFACE,30.0,56.0,9,0.0,0.0,1.5555553,0.4296295,1.4999996,1.2777773
BRICKFACE,94.0,67.0,9,0.0,0.0,2.5555556,3.3629644,1.5555557,1.1851852
BRICKFACE,89.0,107.0,9,0.11111111,0.0,1.4444445,1.940741,1.8888894,2.740741
BRICKFACE,86.0,88.0,9,0.11111111,0.0,2.055556,1.8851848,1.722222,3.3962944
BRICKFACE,65.0,75.0,9,0.0,0.0,0.611111,0.32963,0.72222203,0.19629599
BRICKFACE,149.0,77.0,9,0.0,0.0,2.111111,3.940742,2.4444447,6.0296316
BRICKFACE,141.0,62.0,9,0.0,0.0,1.888889,2.118518,3.3888886,6.3740745
BRICKFACE,98.0,104.0,9,0.0,0.0,2.2222223,3.6296306,1.4999999,1.3222224
BRICKFACE,23.0,55.0,9,0.0,0.0,2.2222216,3.6740727,1.7777773,0.7851852
BRICKFACE,75.0,75.0,9,0.0,0.0,2.8333337,4.6111126,2.2222223,3.718518
BRICKFACE,89.0,68.0,9,0.0,0.0,4.055556,3.0407388,2.3888886,1.2185171
BRICKFACE,38.0,41.0,9,0.11111111,0.0,1.7777777,1.6740736,1.6666666,1.7777781
BRICKFACE,76.0,64.0,9,0.0,0.0,2.2222223,5.4962974,2.8888884,4.3407397
BRICKFACE,25.0,116.0,9,0.0,0.0,0.94444484,0.1518519,4.777777,3.0962973
BRICKFACE,6.0,51.0,9,0.0,0.0,1.6666666,1.9999989,1.611111,2.1074073
BRICKFACE,32.0,45.0,9,0.0,0.0,2.2777777,3.1740727,3.2777777,1.44074
BRICKFACE,149.0,64.0,9,0.0,0.0,1.4999996,1.1444446,1.3888887,0.46296337
BRICKFACE,29.0,81.0,9,0.11111111,0.0,2.6111107,3.7518525,2.7222216,3.7518525
BRICKFACE,2.0,98.0,9,0.0,0.0,2.0,0.6666667,1.055555,0.5518528
BRICKFACE,2.0,89.0,9,0.0,0.0,1.2222224,1.7629623,2.5555556,3.4962957
BRICKFACE,85.0,70.0,9,0.0,0.0,1.2777777,0.7296302,1.8333334,1.1444422
BRICKFACE,70.0,71.0,9,0.11111111,0.0,2.1111119,1.8074061,2.8333333,2.077779
BRICKFACE,69.0,59.0,9,0.0,0.0,1.2777773,0.9518511,2.055555,1.4851853
BRICKFACE,14.0,66.0,9,0.0,0.0,1.5555553,1.0074071,1.5,1.0111104
BRICKFACE,127.0,120.0,9,0.11111111,0.0,1.6666666,0.8444448,3.222222,4.0296273
BRICKFACE,35.0,42.0,9,0.11111111,0.0,1.0555559,0.1518514,1.388889,0.5074066
BRICKFACE,70.0,60.0,9,0.0,0.0,0.94444466,1.3962969,2.166666,1.3666676
BRICKFACE,12.0,56.0,9,0.22222222,0.0,1.2222223,0.20740713,1.3333336,1.0222219
BRICKFACE,149.0,92.0,9,0.0,0.0,1.2222223,0.5629636,2.3333333,3.822222
BRICKFACE,80.0,116.0,9,0.0,0.0,1.5,1.6333328,1.5555557,0.87407404
BRICKFACE,98.0,119.0,9,0.22222222,0.0,1.4444447,0.51851857,2.5555556,5.585183
BRICKFACE,35.0,96.0,9,0.11111111,0.0,2.1111114,1.0074071,2.833333,3.855554
BRICKFACE,136.0,70.0,9,0.0,0.0,1.0,0.31111133,1.7222223,2.196296
BRICKFACE,19.0,63.0,9,0.0,0.0,1.2777777,1.5740732,2.1111114,3.096295
BRICKFACE,75.0,103.0,9,0.11111111,0.0,1.3888893,1.5296303,1.8888887,1.0962957
BRICKFACE,67.0,118.0,9,0.0,0.0,1.111111,0.38518602,2.2777777,4.2851844
BRICKFACE,133.0,96.0,9,0.11111111,0.0,1.0000004,1.0222217,2.777778,3.3629608
BRICKFACE,31.0,62.0,9,0.0,0.0,1.8333336,0.83333385,1.8333334,0.9666677
BRICKFACE,78.0,107.0,9,0.0,0.0,0.8333332,0.65555614,1.6111108,1.92963
BRICKFACE,101.0,80.0,9,0.0,0.0,3.5555553,1.8518513,3.0,3.8666666
BRICKFACE,141.0,68.0,9,0.0,0.0,1.4444443,1.0074081,2.1666667,0.8777791
BRICKFACE,66.0,101.0,9,0.11111111,0.0,0.7222226,0.32962933,2.2222223,0.6518524
BRICKFACE,26.0,91.0,9,0.11111111,0.0,2.0,2.177777,2.5555556,2.1629624
BRICKFACE,22.0,116.0,9,0.0,0.0,0.38888875,0.10740741,0.33333325,0.13333334
BRICKFACE,147.0,111.0,9,0.0,0.0,0.38888893,0.1518518,0.4444445,0.118518546
BRICKFACE,28.0,131.0,9,0.0,0.0,0.22222216,0.074074045,0.77777773,0.20740731
BRICKFACE,100.0,124.0,9,0.0,0.0,0.27777767,0.06296294,0.99999994,0.4444444
BRICKFACE,178.0,122.0,9,0.0,0.0,0.5555555,0.11851845,0.7777776,0.11851851
BRICKFACE,216.0,126.0,9,0.0,0.0,0.5555555,0.20740744,0.5555556,0.07407395
BRICKFACE,201.0,135.0,9,0.0,0.0,0.5555555,0.29629624,0.888889,0.074073985
BRICKFACE,108.0,123.0,9,0.0,0.0,0.6111112,0.24074072,0.66666675,0.26666668
BRICKFACE,76.0,135.0,9,0.0,0.0,0.4444445,0.11851851,0.8333333,0.1222222
BRICKFACE,65.0,143.0,9,0.0,0.0,0.3333334,0.13333334,0.4444445,0.074074075
BRICKFACE,120.0,136.0,9,0.0,0.0,0.61111116,0.4185187,1.0000001,0.4444444
BRICKFACE,238.0,118.0,9,0.0,0.0,0.33333325,0.17777774,0.77777773,0.07407411
BRICKFACE,146.0,140.0,9,0.0,0.0,1.0555557,0.4629631,1.0000001,0.57777774
BRICKFACE,37.0,126.0,9,0.0,0.0,0.38888898,0.06296298,0.4444445,0.25185186
BRICKFACE,240.0,145.0,9,0.0,0.0,0.38888896,0.15185192,0.50000006,0.12222223
BRICKFACE,29.0,111.0,9,0.0,0.0,0.38888884,0.24074061,0.6111111,0.15185188
BRICKFACE,38.0,146.0,9,0.0,0.0,0.4999999,0.12222217,0.6666667,0.26666668
BRICKFACE,33.0,117.0,9,0.0,0.0,0.5,0.12222214,1.0,0.31111106
BRICKFACE,60.0,131.0,9,0.0,0.0,0.33333334,0.088888854,0.33333325,0.08888887
BRICKFACE,23.0,147.0,9,0.0,0.0,0.33333337,0.13333334,0.72222215,0.41851825
BRICKFACE,29.0,111.0,9,0.0,0.0,0.38888884,0.24074061,0.6111111,0.15185188
BRICKFACE,107.0,129.0,9,0.0,0.0,0.55555564,0.56296325,0.8888889,0.8740743
BRICKFACE,30.0,124.0,9,0.0,0.0,0.6111111,0.10740735,0.611111,0.10740747
BRICKFACE,32.0,113.0,9,0.0,0.0,0.50000006,0.07777767,0.27777782,0.15185188
BRICKFACE,217.0,145.0,9,0.0,0.0,0.5555556,0.16296291,0.72222215,0.06296298
BRICKFACE,28.0,112.0,9,0.0,0.0,0.72222215,0.41851833,0.5555555,0.16296297
BRICKFACE,183.0,111.0,9,0.0,0.0,0.6666667,0.31111106,1.0555555,0.50740737
BRICKFACE,154.0,128.0,9,0.0,0.0,0.5,0.30000007,0.33333325,0.044444434
BRICKFACE,117.0,147.0,9,0.0,0.0,0.6111111,0.10740735,0.77777785,0.5629629
BRICKFACE,96.0,115.0,9,0.0,0.0,0.38888893,0.15185183,0.33333334,0.17777777
CEMENT,49.0,42.0,9,0.0,0.0,2.6111107,0.92895794,1.333334,0.8944278
CEMENT,188.0,73.0,9,0.0,0.0,1.0555553,0.9289579,2.2777786,1.9935083
CEMENT,139.0,95.0,9,0.0,0.0,3.6111107,2.524692,7.0555553,5.724864
CEMENT,92.0,70.0,9,0.11111111,0.0,1.1111107,1.3608265,0.7777767,0.65546083
CEMENT,169.0,117.0,9,0.0,0.0,1.222222,0.6206324,1.111111,1.2938602
CEMENT,63.0,19.0,9,0.0,0.0,2.4444447,1.1863403,1.4444447,0.8861062
CEMENT,69.0,68.0,9,0.0,0.0,0.83333206,0.8628117,0.7777774,0.5837293
CEMENT,151.0,89.0,9,0.0,0.0,8.388889,4.577317,0.72222203,0.38968238
CEMENT,170.0,159.0,9,0.11111111,0.0,2.2777777,1.420746,1.611111,1.1816499
CEMENT,180.0,116.0,9,0.0,0.0,2.9444456,1.611303,1.333333,0.81649673
CEMENT,58.0,109.0,9,0.0,0.0,1.1666666,0.6236098,1.0555553,0.49065349
CEMENT,191.0,101.0,9,0.0,0.0,1.111112,0.7793635,1.1111113,1.186342
CEMENT,24.0,15.0,9,0.0,0.0,0.8333346,0.6912141,1.1111107,0.54432976
CEMENT,152.0,98.0,9,0.0,0.0,7.0000014,3.8873014,1.0555559,0.7722023
CEMENT,44.0,50.0,9,0.0,0.0,1.1666673,0.96032333,1.0555573,0.389682
CEMENT,105.0,69.0,9,0.0,0.0,2.5000012,1.5311582,1.8333327,1.4719604
CEMENT,27.0,57.0,9,0.11111111,0.0,0.7222226,0.32772803,0.7222226,0.3896791
CEMENT,52.0,33.0,9,0.0,0.0,13.888889,13.024195,0.277778,0.2509246
CEMENT,45.0,67.0,9,0.0,0.0,0.6666673,0.2981413,1.055554,0.64692926
CEMENT,72.0,32.0,9,0.11111111,0.11111111,3.9444447,2.7032225,2.277778,1.9710876
CEMENT,142.0,119.0,9,0.0,0.0,5.277778,0.85418415,1.0555553,0.6116157
CEMENT,244.0,134.0,9,0.11111111,0.0,2.1111126,1.1287498,1.0000006,0.7302964
CEMENT,118.0,111.0,9,0.0,0.0,1.2222227,1.0470412,0.55555534,0.27216536
CEMENT,78.0,85.0,9,0.0,0.0,5.4999995,2.105549,6.4999995,4.5983086
CEMENT,2.0,95.0,9,0.11111111,0.0,2.0555565,1.3402592,0.88889056,0.91084033
CEMENT,114.0,145.0,9,0.11111111,0.0,2.166666,1.3123348,0.99999934,0.6992059
CEMENT,141.0,17.0,9,0.11111111,0.22222222,3.7222226,4.4493027,5.0,2.319004
CEMENT,22.0,125.0,9,0.0,0.0,2.277778,1.8063672,2.4444447,1.3443986
CEMENT,229.0,102.0,9,0.0,0.0,0.88888866,0.7200823,7.944444,5.425934
CEMENT,230.0,117.0,9,0.0,0.0,3.2777786,0.92895794,1.4444433,0.86066324
CEMENT,80.0,77.0,9,0.0,0.0,1.388888,1.0628399,0.6666667,0.5577739
CEMENT,248.0,103.0,9,0.0,0.0,0.9444434,0.57413447,1.1111113,0.9349196
CEMENT,228.0,22.0,9,0.0,0.0,1.1111107,0.8606628,1.3888887,0.9756292
CEMENT,228.0,42.0,9,0.11111111,0.0,2.055556,1.5551584,4.333334,2.2310944
CEMENT,109.0,111.0,9,0.0,0.0,1.4444447,1.0886633,1.5000006,1.471961
CEMENT,19.0,62.0,9,0.0,0.0,11.222222,0.8860996,0.6666667,0.36514628
CEMENT,78.0,128.0,9,0.0,0.0,1.1666673,0.88819444,1.388888,1.1238163
CEMENT,170.0,121.0,9,0.0,0.0,2.166667,1.8348485,2.7222223,1.9254632
CEMENT,58.0,48.0,9,0.0,0.0,2.277778,0.250925,0.27777734,0.25092447
CEMENT,179.0,133.0,9,0.0,0.0,2.3888886,2.3796985,0.8888893,0.7503084
CEMENT,103.0,65.0,9,0.0,0.0,1.277778,1.0835457,1.2222214,0.91083974
CEMENT,114.0,129.0,9,0.11111111,0.0,2.055556,1.1434174,0.77777606,0.88610685
CEMENT,11.0,62.0,9,0.0,0.0,0.88889056,0.5018489,0.72222394,0.3896814
CEMENT,41.0,101.0,9,0.0,0.0,1.7222214,0.9289575,2.0555542,1.5551577
CEMENT,121.0,102.0,9,0.11111111,0.0,2.9444435,1.8549231,1.222222,0.86066246
CEMENT,220.0,111.0,9,0.0,0.0,2.555555,1.6555178,2.2777774,1.5974522
CEMENT,219.0,132.0,9,0.0,0.0,1.4444447,0.65546167,1.1111107,0.7503098
CEMENT,241.0,70.0,9,0.0,0.0,1.0555559,0.71232605,4.1111107,2.7541208
CEMENT,186.0,98.0,9,0.0,0.0,1.2777783,1.1816506,5.944444,3.0798028
CEMENT,209.0,70.0,9,0.0,0.11111111,2.222223,1.8216797,8.777778,3.4619644
CEMENT,54.0,133.0,9,0.0,0.0,4.3888893,1.705111,1.2777773,1.2186816
CEMENT,91.0,64.0,9,0.0,0.0,0.94444466,0.71232474,1.0555559,1.0201671
CEMENT,22.0,87.0,9,0.0,0.0,1.8888899,1.2590423,1.1666666,0.62361073
CEMENT,87.0,146.0,9,0.0,0.0,0.944444,0.6116159,5.111111,4.712474
CEMENT,54.0,126.0,9,0.11111111,0.0,2.7777774,2.6970487,3.3888886,2.2746582
CEMENT,38.0,94.0,9,0.11111111,0.0,1.3888906,1.0417213,0.88888806,0.7793629
CEMENT,147.0,34.0,9,0.0,0.0,4.611111,4.154872,0.7777786,0.7793621
CEMENT,112.0,38.0,9,0.0,0.0,11.055554,11.074329,1.111112,1.0680542
CEMENT,151.0,101.0,9,0.0,0.0,9.611111,6.5367904,0.5,0.34960347
CEMENT,169.0,131.0,9,0.0,0.0,2.3888886,1.8668654,9.222222,2.1152062
CEMENT,70.0,38.0,9,0.0,0.0,1.2222227,0.2721662,1.0000006,0.76011634
CEMENT,47.0,96.0,9,0.0,0.0,0.94444466,0.5741338,0.8333333,0.75277233
CEMENT,109.0,100.0,9,0.0,0.0,0.944444,0.49065506,0.44444466,0.40368706
CEMENT,136.0,45.0,9,0.0,0.0,1.222222,1.5444059,2.0555553,1.5263131
CEMENT,93.0,67.0,9,0.0,0.0,1.7222208,1.3891102,1.4999994,1.1879022
CEMENT,53.0,42.0,9,0.0,0.0,3.2777774,0.71232545,0.611111,0.534027
CEMENT,191.0,107.0,9,0.0,0.0,2.0555553,1.5263124,10.333333,3.0110908
CEMENT,39.0,17.0,9,0.0,0.0,1.1111107,1.0886621,0.88889056,0.8073737
CEMENT,19.0,102.0,9,0.0,0.0,3.88889,1.5006163,1.1666666,0.62360954
CEMENT,92.0,89.0,9,0.0,0.0,1.9999994,1.2649107,1.2222214,0.95839226
CEMENT,79.0,28.0,9,0.0,0.0,4.277777,3.7618961,0.8333333,0.6582806
CEMENT,116.0,125.0,9,0.0,0.0,2.8333333,0.7226492,2.0555546,0.5741333
CEMENT,109.0,76.0,9,0.0,0.0,1.5000006,0.69121444,0.3888887,0.32773072
CEMENT,32.0,88.0,9,0.0,0.0,0.83333206,0.34960276,1.111112,0.72008145
CEMENT,113.0,123.0,9,0.11111111,0.0,1.4444441,0.6206331,1.9444441,1.7180963
CEMENT,118.0,21.0,9,0.0,0.0,4.8333344,4.5740814,1.277778,1.0628413
CEMENT,238.0,73.0,9,0.0,0.0,2.277776,1.4050171,1.5,0.7817362
CEMENT,178.0,25.0,9,0.0,0.0,0.7222214,0.32773143,1.5555559,1.2412641
CEMENT,227.0,44.0,9,0.11111111,0.0,0.55555534,0.403687,1.6111094,0.99814636
CEMENT,24.0,93.0,9,0.0,0.0,1.6111094,0.7722033,2.0555553,1.7309806
CEMENT,193.0,125.0,9,0.0,0.0,5.055556,2.550962,1.9444447,1.8787314
CEMENT,224.0,124.0,9,0.0,0.0,1.5555559,1.2938598,1.8888887,1.186342
CEMENT,120.0,108.0,9,0.0,0.0,4.611111,3.498677,1.666666,1.5634735
CEMENT,158.0,76.0,9,0.0,0.0,0.833333,0.65828085,3.277778,3.065339
CEMENT,55.0,145.0,9,0.0,0.0,5.0555553,2.9770727,1.0,0.4216377
CEMENT,75.0,90.0,9,0.11111111,0.0,4.1666675,3.0018506,2.8333333,2.7708795
CEMENT,104.0,112.0,9,0.0,0.0,0.6111107,0.25092375,1.0555559,0.71232516
CEMENT,144.0,35.0,9,0.0,0.0,2.3333328,2.0330596,2.055556,1.7309813
CEMENT,94.0,104.0,9,0.0,0.0,6.6111107,1.420747,1.0000013,0.5163988
CEMENT,40.0,17.0,9,0.0,0.0,1.2777761,0.95258045,1.4444453,1.1088861
CEMENT,105.0,111.0,9,0.0,0.0,0.3888887,0.38968194,1.0555559,0.44305268
CEMENT,140.0,116.0,9,0.11111111,0.0,1.777778,1.2232317,0.55555534,0.501848
CEMENT,130.0,32.0,9,0.0,0.0,1.1111113,1.047041,0.83333397,0.83665866
CEMENT,102.0,158.0,9,0.22222222,0.0,2.2777774,2.1230664,1.8333334,1.0488074
CEMENT,236.0,117.0,9,0.0,0.0,0.7777786,0.40368706,1.277778,0.74286777
CEMENT,23.0,25.0,9,0.0,0.0,1.1111094,0.7503052,0.6111107,0.64692986
CEMENT,83.0,143.0,9,0.0,0.0,1.2777767,1.1038657,1.2222214,0.54433095
CEMENT,74.0,64.0,9,0.0,0.0,1.8333327,1.2064646,2.0,1.1155467
CEMENT,48.0,139.0,9,0.0,0.0,2.4444447,1.6821502,1.833334,1.048809
CEMENT,153.0,116.0,9,0.0,0.0,3.2777777,2.4713163,1.1111107,0.8344438
CEMENT,67.0,34.0,9,0.0,0.0,1.1111113,1.2232314,0.555556,0.5837306
CEMENT,51.0,64.0,9,0.0,0.0,17.5,1.206455,0.6666673,0.6992055
CEMENT,97.0,46.0,9,0.0,0.0,1.6666673,1.6193271,2.2222207,1.4089662
CEMENT,76.0,134.0,9,0.11111111,0.0,2.5555546,1.4401643,1.4444441,0.54433167
CEMENT,34.0,116.0,9,0.0,0.0,5.777778,4.405383,0.49999872,0.27888796
CEMENT,20.0,122.0,9,0.0,0.0,1.5555547,1.1863433,1.7777773,1.4857366
CEMENT,94.0,80.0,9,0.0,0.0,2.1666653,1.1879028,0.83333397,0.50552523
CEMENT,229.0,24.0,9,0.0,0.0,1.777778,1.1088876,1.2222233,1.0470423
CEMENT,84.0,62.0,9,0.0,0.0,0.72222203,0.49065322,0.9444434,0.77220213
CEMENT,52.0,89.0,9,0.0,0.0,5.2222223,2.721655,0.7222226,0.49065316
CEMENT,112.0,90.0,9,0.0,0.0,7.38889,6.9455557,1.2777773,0.87981415
CEMENT,139.0,115.0,9,0.11111111,0.0,2.1111107,0.95839214,0.7222214,0.6469293
CEMENT,247.0,115.0,9,0.0,0.0,3.555556,1.8094409,1.3888897,1.3066785
CEMENT,113.0,34.0,9,0.0,0.0,1.9999987,1.1352938,0.8333308,0.83665943
CEMENT,233.0,124.0,9,0.11111111,0.0,2.1111114,1.5006171,2.0555553,0.49065465
CEMENT,80.0,72.0,9,0.0,0.0,1.2222227,1.0036967,1.4444441,1.1674612
CEMENT,29.0,78.0,9,0.0,0.0,0.6666654,0.6992061,2.6111107,2.322991
CEMENT,151.0,129.0,9,0.0,0.0,8.055556,8.141569,0.72222203,0.8277585
CEMENT,147.0,87.0,9,0.0,0.0,6.8333335,6.6189947,1.5555567,1.6953089
CEMENT,153.0,78.0,9,0.0,0.0,9.388889,5.6702604,2.9444444,3.517681
CEMENT,86.0,20.0,9,0.0,0.0,0.94444656,1.0201677,1.9444441,1.0628412
CEMENT,83.0,81.0,9,0.0,0.0,0.44444337,0.34426504,0.7222214,0.38968188
CEMENT,167.0,53.0,9,0.0,0.0,1.2777773,0.4906541,0.9444434,0.389682
CEMENT,104.0,103.0,9,0.11111111,0.0,0.94444466,0.5340273,0.6666673,0.59628505
CEMENT,58.0,122.0,9,0.0,0.0,2.0555556,2.2152667,6.1111107,3.0160062
CEMENT,102.0,50.0,9,0.0,0.0,1.611112,1.0628405,1.333334,0.8692274
CEMENT,29.0,18.0,9,0.22222222,0.0,0.7777774,0.8073724,1.7222227,1.2895608
CEMENT,39.0,138.0,9,0.0,0.0,1.1111107,0.50184846,2.3888893,1.638653
CEMENT,79.0,44.0,9,0.0,0.0,4.8888893,3.2018518,2.1111126,1.1287482
CEMENT,45.0,121.0,9,0.0,0.0,2.0555573,1.2546208,6.6111107,2.678445
CEMENT,108.0,128.0,9,0.0,0.0,7.0555553,4.3686585,1.666666,1.0540924
CEMENT,83.0,133.0,9,0.11111111,0.0,2.3333347,2.1395726,1.166666,1.0697864
CEMENT,34.0,13.0,9,0.0,0.0,0.22222011,0.17213097,1.5555534,0.54433
CEMENT,148.0,109.0,9,0.0,0.0,0.99999934,1.2110597,1.222222,0.6554618
CEMENT,40.0,35.0,9,0.0,0.0,0.7222226,0.25092337,1.0555547,0.6469281
CEMENT,202.0,21.0,9,0.0,0.0,0.33333334,0.36514834,5.222221,2.613357
CEMENT,13.0,15.0,9,0.11111111,0.0,1.2222227,0.8861077,1.2222227,1.0256
CEMENT,57.0,42.0,9,0.0,0.0,2.333334,0.8692256,0.99999875,0.69920623
CEMENT,156.0,49.0,9,0.0,0.0,1.0555547,0.57413435,1.2222208,0.54433155
CEMENT,42.0,57.0,9,0.0,0.0,1.3888906,0.97562754,0.99999875,0.36514837
CEMENT,227.0,132.0,9,0.0,0.0,6.666668,1.3824298,1.3333334,1.0110494
CEMENT,74.0,127.0,9,0.0,0.0,4.8333335,3.6499624,1.6666666,1.2472203
CEMENT,77.0,135.0,9,0.0,0.0,2.944444,1.9710863,1.7777767,0.9583936
CEMENT,106.0,65.0,9,0.22222222,0.0,2.222222,1.655519,2.2777786,0.82775915
CEMENT,191.0,119.0,9,0.0,0.0,1.1111107,1.2938615,0.9444459,0.772202
CEMENT,51.0,111.0,9,0.0,0.0,16.222223,16.443394,0.44444498,0.34426522
CEMENT,182.0,135.0,9,0.0,0.0,4.222222,1.1287482,1.1111103,1.0255978
CEMENT,7.0,154.0,9,0.0,0.11111111,3.0555546,3.8321257,3.8333328,2.178176
CEMENT,152.0,83.0,9,0.0,0.0,4.444444,1.3277657,0.94444436,0.6804135
CEMENT,187.0,75.0,9,0.0,0.0,1.5555559,0.9108403,5.6666665,4.8027763
CEMENT,147.0,125.0,9,0.0,0.0,6.388889,3.9238105,1.3333327,0.7601168
CEMENT,252.0,76.0,9,0.0,0.0,1.7222214,1.1434186,0.5555547,0.34426576
CEMENT,189.0,48.0,9,0.0,0.0,0.72222203,0.38968173,4.6666665,4.3050365
CEMENT,157.0,20.0,9,0.0,0.0,1.3333334,0.7601168,4.944444,4.479171
CEMENT,90.0,36.0,9,0.0,0.0,0.94444275,0.32773143,1.1111094,1.2232299
CEMENT,75.0,65.0,9,0.0,0.0,2.5,1.1105564,1.5555553,0.9349202
CEMENT,104.0,147.0,9,0.0,0.11111111,3.1111114,2.1875062,4.6666665,2.5991445
CEMENT,245.0,110.0,9,0.0,0.0,4.88889,3.4426522,1.7777783,1.8094413
CEMENT,47.0,121.0,9,0.0,0.0,0.88888866,1.0255988,4.888888,3.208784
CEMENT,162.0,159.0,9,0.0,0.0,2.1666667,0.9603238,2.2222223,1.4555128
CEMENT,18.0,43.0,9,0.0,0.0,1.8888893,1.7722137,1.5555567,1.2232332
CEMENT,142.0,99.0,9,0.0,0.0,0.77777797,0.45542175,1.722222,1.3402593
CEMENT,189.0,68.0,9,0.0,0.0,1.6666666,1.619327,1.1111113,1.344399
CEMENT,174.0,75.0,9,0.0,0.0,1.5,0.7226483,2.3888886,1.0835471
CEMENT,239.0,137.0,9,0.0,0.0,1.7777773,1.360828,3.4444447,1.0886629
CEMENT,202.0,71.0,9,0.0,0.0,0.944444,0.5741341,0.7777774,0.45541972
CEMENT,199.0,120.0,9,0.0,0.0,5.777777,4.9516163,0.944444,0.4430521
CEMENT,140.0,73.0,9,0.0,0.0,1.7222214,0.8277598,0.7777774,1.0036957
CEMENT,183.0,66.0,9,0.0,0.0,1.277778,0.82775986,2.555556,1.8934586
CEMENT,161.0,73.0,9,0.0,0.0,0.8333333,0.5055238,0.61111003,0.3896817
CEMENT,221.0,69.0,9,0.0,0.0,1.5555553,0.8073722,0.7222226,0.85418403
CEMENT,142.0,140.0,9,0.0,0.0,4.2222223,1.2938595,1.5,0.7226494
CEMENT,187.0,120.0,9,0.0,0.0,2.2222214,2.083445,1.2777786,0.6469289
CEMENT,237.0,137.0,9,0.0,0.0,8.944446,8.654905,2.6111104,1.5551589
CEMENT,179.0,69.0,9,0.0,0.0,0.72222203,0.4906537,0.944444,0.7428667
CEMENT,197.0,121.0,9,0.0,0.0,21.666666,17.3628,0.94444436,0.9047208
CEMENT,199.0,97.0,9,0.11111111,0.0,2.722222,1.2546208,0.5,0.18257418
CEMENT,212.0,68.0,9,0.11111111,0.0,2.8888886,2.083444,1.8333334,0.93689704
CEMENT,162.0,66.0,9,0.0,0.0,2.055556,0.95258,9.222221,7.073164
CEMENT,128.0,140.0,9,0.0,0.0,7.8333335,7.032464,0.6666667,0.29814258
CEMENT,243.0,120.0,9,0.0,0.0,4.4444447,4.359749,1.5555547,1.8338387
CEMENT,166.0,66.0,9,0.0,0.0,0.7777767,0.6554609,5.2777767,4.959466
CEMENT,132.0,84.0,9,0.0,0.0,3.0,1.2292727,0.88888913,0.45541987
CEMENT,155.0,127.0,9,0.0,0.0,2.1666667,1.7094507,15.388888,4.144167
CEMENT,208.0,65.0,9,0.0,0.0,1.3888874,1.2367799,26.444445,25.537477
CEMENT,236.0,77.0,9,0.0,0.0,22.166666,15.472914,7.722223,8.373016
CEMENT,127.0,118.0,9,0.0,0.0,11.555554,10.22995,0.8333337,0.6912154
CEMENT,146.0,97.0,9,0.0,0.0,10.111111,4.597905,0.6111107,0.5741327
CEMENT,201.0,125.0,9,0.11111111,0.0,1.722222,1.3402604,8.555554,5.725834
CEMENT,174.0,96.0,9,0.22222222,0.0,2.2222226,0.6885298,0.944444,0.8798158
CEMENT,210.0,73.0,9,0.0,0.0,1.3333327,0.96609074,1.0,0.81649536
CEMENT,177.0,76.0,9,0.0,0.0,1.3888893,1.3567389,15.0,11.481388
CEMENT,79.0,104.0,9,0.11111111,0.0,0.9444453,0.3740738,1.5,1.0111135
CEMENT,216.0,78.0,9,0.0,0.0,1.333333,0.3555547,4.3333335,6.355548
CEMENT,133.0,125.0,9,0.0,0.0,1.4444433,2.8296287,2.1111114,1.3185211
CEMENT,190.0,105.0,9,0.0,0.0,1.8888893,2.2962983,2.166666,1.6777797
CEMENT,61.0,104.0,9,0.22222222,0.0,1.3888893,0.72962725,1.4444441,0.7407405
CEMENT,104.0,129.0,9,0.0,0.0,19.277777,28.907421,1.1111107,1.0962967
CEMENT,121.0,107.0,9,0.0,0.0,1.5555553,0.8740748,13.166667,5.5888996
CEMENT,120.0,124.0,9,0.0,0.0,8.999999,112.57778,11.166668,184.5222
FOLIAGE,7.0,90.0,9,0.0,0.0,1.2777777,0.8541836,2.4444444,2.0184336
FOLIAGE,19.0,133.0,9,0.0,0.0,0.0,0.0,0.0,0.0
FOLIAGE,29.0,85.0,9,0.0,0.0,2.833333,2.9420328,2.3888888,3.0508046
FOLIAGE,37.0,104.0,9,0.0,0.0,7.8333325,9.713106,22.111109,21.61858
FOLIAGE,59.0,120.0,9,0.0,0.0,2.1666667,1.9860634,1.4444441,1.8698385
FOLIAGE,104.0,139.0,9,0.0,0.0,0.33333334,0.5163977,0.33333334,0.5163977
FOLIAGE,81.0,145.0,9,0.0,0.11111111,4.5555553,4.5346413,7.5,6.1128287
FOLIAGE,108.0,146.0,9,0.0,0.0,0.0,0.0,0.0,0.0
FOLIAGE,18.0,66.0,9,0.0,0.0,8.666665,9.089677,10.944443,5.289054
FOLIAGE,33.0,94.0,9,0.0,0.0,1.3333336,0.21081811,2.5555556,1.6420401
FOLIAGE,21.0,64.0,9,0.0,0.0,16.277779,12.948471,20.222223,17.629103
FOLIAGE,71.0,125.0,9,0.0,0.0,0.6666667,0.47140455,0.7222223,0.49065357
FOLIAGE,58.0,125.0,9,0.0,0.0,2.1666667,1.1105559,1.0555559,0.90472007
FOLIAGE,96.0,130.0,9,0.0,0.0,0.5555555,0.45542008,1.2222222,0.65546143
FOLIAGE,33.0,98.0,9,0.0,0.0,0.6111111,0.611616,1.3333331,0.9189368
FOLIAGE,33.0,132.0,9,0.11111111,0.0,1.0555555,0.99814653,1.7222222,0.99814636
FOLIAGE,37.0,103.0,9,0.0,0.0,1.7777777,2.1256804,2.9444447,3.421609
FOLIAGE,14.0,136.0,9,0.0,0.0,0.0,0.0,0.0,0.0
FOLIAGE,47.0,127.0,9,0.0,0.0,1.166667,0.9603239,1.0555559,0.49065298
FOLIAGE,118.0,125.0,9,0.0,0.0,0.33333334,0.29814234,0.88888884,0.34426528
FOLIAGE,98.0,126.0,9,0.0,0.0,1.0555555,0.71232533,0.9444444,0.49065322
FOLIAGE,90.0,122.0,9,0.11111111,0.0,1.6666669,1.398412,1.1666669,0.69121486
FOLIAGE,106.0,107.0,9,0.0,0.0,1.111111,0.72008204,0.6666667,0.4216372
FOLIAGE,124.0,113.0,9,0.0,0.0,0.38888887,0.38968176,0.2777778,0.3277307
FOLIAGE,57.0,119.0,9,0.0,0.0,2.2777774,2.0266733,1.7777777,1.721326
FOLIAGE,117.0,110.0,9,0.0,0.0,2.3333333,2.9059324,2.277777,1.9022408
FOLIAGE,67.0,136.0,9,0.0,0.0,6.722223,3.7083488,2.6666667,3.1972213
FOLIAGE,58.0,128.0,9,0.11111111,0.0,2.9444447,1.75647,2.4444444,1.6821501
FOLIAGE,91.0,120.0,9,0.0,0.0,1.3888893,0.9289578,0.61111146,0.77220225
FOLIAGE,18.0,87.0,9,0.0,0.0,1.5555555,1.9626132,1.8888887,1.7469552
FOLIAGE,98.0,133.0,9,0.0,0.0,0.5555555,0.17213255,0.38888887,0.3277307
FOLIAGE,68.0,127.0,9,0.0,0.0,1.0555553,0.97562903,1.2777777,0.8277589
FOLIAGE,121.0,120.0,9,0.0,0.0,0.9444445,0.250924,0.72222215,0.8798147
FOLIAGE,115.0,111.0,9,0.0,0.0,0.55555564,0.40368685,1.9444437,1.0417223
FOLIAGE,90.0,116.0,9,0.0,0.0,1.277778,0.85418403,1.3333336,1.1352925
FOLIAGE,99.0,130.0,9,0.0,0.0,0.5555555,0.45542014,0.5555555,0.5443311
FOLIAGE,20.0,70.0,9,0.0,0.0,11.499999,8.767999,7.944445,6.9166985
FOLIAGE,119.0,115.0,9,0.0,0.11111111,2.4444444,1.5729189,5.0,2.9363625
FOLIAGE,10.0,112.0,9,0.0,0.0,0.33333334,0.42163706,0.50000006,0.1825741
FOLIAGE,35.0,107.0,9,0.0,0.0,10.222221,14.967619,9.833333,17.54708
FOLIAGE,33.0,131.0,9,0.0,0.0,0.44444445,0.80737346,1.0,1.0954453
FOLIAGE,23.0,92.0,9,0.0,0.11111111,4.111111,4.63641,7.0,5.688196
FOLIAGE,13.0,83.0,9,0.0,0.0,0.83333325,0.54772246,0.6666666,0.63245547
FOLIAGE,85.0,121.0,9,0.0,0.0,1.611111,1.0628405,0.94444495,0.71232516
FOLIAGE,101.0,137.0,9,0.0,0.0,0.44444445,0.50184834,0.8333333,0.8096638
FOLIAGE,75.0,113.0,9,0.0,0.11111111,2.944445,4.1226563,6.1666665,6.2245026
FOLIAGE,45.0,126.0,9,0.0,0.0,7.0,3.870114,2.5555556,1.7971169
FOLIAGE,113.0,130.0,9,0.0,0.0,0.27777776,0.25092423,0.33333328,0.3651483
FOLIAGE,64.0,114.0,9,0.0,0.0,5.166667,6.320163,8.833333,8.66859
FOLIAGE,33.0,100.0,9,0.0,0.0,0.72222227,0.53402746,0.66666675,0.3651482
FOLIAGE,118.0,109.0,9,0.0,0.11111111,3.5555553,2.6555324,3.9999993,3.0840094
FOLIAGE,18.0,70.0,9,0.0,0.11111111,9.444444,5.897896,9.944444,6.9487534
FOLIAGE,93.0,127.0,9,0.0,0.0,1.1111112,0.83444345,1.0,0.7888106
FOLIAGE,39.0,124.0,9,0.0,0.11111111,5.3333335,4.774935,6.5000005,4.544838
FOLIAGE,93.0,147.0,9,0.0,0.0,3.0555553,3.5864975,3.5555553,3.2157025
FOLIAGE,45.0,108.0,9,0.0,0.11111111,25.5,12.795401,27.277779,15.930981
FOLIAGE,70.0,122.0,9,0.0,0.0,3.6666667,4.033196,4.111111,3.7810435
FOLIAGE,123.0,143.0,9,0.0,0.0,0.2777778,0.3896817,0.2777778,0.13608274
FOLIAGE,14.0,90.0,9,0.11111111,0.0,2.9444447,2.435083,3.3333333,3.211092
FOLIAGE,9.0,76.0,9,0.0,0.0,1.2777778,1.4207457,1.6666666,1.8618987
FOLIAGE,17.0,98.0,9,0.11111111,0.0,0.72222215,0.71232533,0.6666667,0.73029673
FOLIAGE,25.0,138.0,9,0.11111111,0.0,1.2777777,1.1434193,0.72222215,0.49065349
FOLIAGE,68.0,122.0,9,0.0,0.0,2.777778,2.0294137,1.5555559,1.9962927
FOLIAGE,54.0,140.0,9,0.11111111,0.0,0.72222215,0.4430532,1.7777777,1.0470418
FOLIAGE,88.0,136.0,9,0.0,0.0,1.8333331,1.149879,2.0555553,2.112573
FOLIAGE,83.0,126.0,9,0.0,0.0,0.72222203,0.5340271,0.94444436,0.5741338
FOLIAGE,6.0,118.0,9,0.0,0.0,0.055555563,0.13608278,0.055555563,0.13608278
FOLIAGE,86.0,140.0,9,0.0,0.0,5.444444,4.7687263,3.0555556,2.6784468
FOLIAGE,74.0,122.0,9,0.0,0.0,1.2222222,1.2412658,1.3333331,0.6992059
FOLIAGE,101.0,121.0,9,0.11111111,0.0,0.6666667,0.843274,1.5,0.88819396
FOLIAGE,109.0,146.0,9,0.0,0.0,0.055555556,0.13608277,0.055555556,0.13608277
FOLIAGE,14.0,71.0,9,0.0,0.0,13.055554,10.382501,21.888885,16.536379
FOLIAGE,22.0,133.0,9,0.0,0.0,0.0,0.0,0.0,0.0
FOLIAGE,21.0,122.0,9,0.0,0.0,0.44444445,0.4036867,0.44444445,0.4036867
FOLIAGE,104.0,134.0,9,0.0,0.0,0.5,0.18257418,0.8333333,0.27888662
FOLIAGE,69.0,139.0,9,0.0,0.0,2.8333328,1.7732588,2.1111112,1.6688871
FOLIAGE,96.0,138.0,9,0.0,0.0,0.72222227,0.6469301,0.94444436,0.7123256
FOLIAGE,27.0,112.0,9,0.0,0.0,0.22222222,0.34426522,0.11111113,0.27216557
FOLIAGE,33.0,142.0,9,0.0,0.0,1.888889,1.3770607,0.88888884,1.4089661
FOLIAGE,76.0,138.0,9,0.0,0.22222222,3.2222226,3.8796716,5.5,2.4289908
FOLIAGE,96.0,115.0,9,0.0,0.0,1.9999999,0.9660915,3.3333333,1.4142128
FOLIAGE,17.0,108.0,9,0.0,0.0,1.2777778,0.64693,1.1666666,0.91287076
FOLIAGE,94.0,127.0,9,0.0,0.0,0.77777785,0.5018486,0.77777773,0.6885305
FOLIAGE,86.0,136.0,9,0.0,0.0,3.888889,4.193469,2.111111,2.3913426
FOLIAGE,117.0,137.0,9,0.0,0.0,0.27777776,0.3896817,0.38888887,0.25092417
FOLIAGE,47.0,119.0,9,0.11111111,0.0,2.2777777,2.2746592,1.3333334,1.3824296
FOLIAGE,103.0,125.0,9,0.0,0.0,0.9444445,0.82775915,0.83333343,0.6912146
FOLIAGE,17.0,85.0,9,0.11111111,0.0,0.8888889,0.72008216,1.111111,0.7200825
FOLIAGE,68.0,115.0,9,0.0,0.0,3.3333333,3.1055503,2.722222,2.7921848
FOLIAGE,9.0,131.0,9,0.0,0.0,0.0,0.0,0.0,0.0
FOLIAGE,59.0,141.0,9,0.11111111,0.0,2.3888888,1.540803,2.1666667,1.278019
FOLIAGE,69.0,136.0,9,0.0,0.0,3.1111114,2.8100348,2.777778,3.1669588
FOLIAGE,85.0,124.0,9,0.0,0.0,1.2222227,0.93491936,2.3888893,1.6788442
FOLIAGE,113.0,132.0,9,0.0,0.0,0.44444442,0.3442652,0.38888887,0.5340273
FOLIAGE,14.0,95.0,9,0.0,0.0,1.3333334,0.699206,1.1111112,0.62063295
FOLIAGE,103.0,130.0,9,0.0,0.0,0.33333334,0.0,0.27777776,0.38968173
FOLIAGE,3.0,106.0,9,0.0,0.0,0.22222222,0.17213261,0.11111111,0.17213261
FOLIAGE,20.0,117.0,9,0.0,0.0,0.0,0.0,0.0,0.0
FOLIAGE,92.0,121.0,9,0.0,0.0,1.4444445,1.8216802,2.0555556,2.0593057
FOLIAGE,27.0,134.0,9,0.0,0.0,1.111111,0.9813067,1.6111113,1.0628402
FOLIAGE,41.0,75.0,9,0.0,0.11111111,15.388889,19.136257,26.611113,31.71359
FOLIAGE,245.0,73.0,9,0.0,0.0,8.222222,6.2739906,10.722222,7.6809044
FOLIAGE,254.0,73.0,9,0.0,0.0,6.6666665,7.865538,9.444445,12.33003
FOLIAGE,232.0,126.0,9,0.0,0.11111111,2.3888888,11.885187,1.2222223,6.2962966
FOLIAGE,228.0,123.0,9,0.0,0.0,0.16666667,0.077777766,0.4444444,0.20740741
FOLIAGE,220.0,120.0,9,0.0,0.0,0.38888893,0.062962964,0.38888887,0.062962994
FOLIAGE,221.0,107.0,9,0.0,0.0,1.1666666,0.2111112,0.83333325,0.3444444
FOLIAGE,231.0,124.0,9,0.0,0.0,3.4444447,14.962965,1.8333334,6.4333353
FOLIAGE,224.0,95.0,9,0.0,0.0,1.2222223,0.47407404,1.0555557,0.7296295
FOLIAGE,240.0,75.0,9,0.0,0.0,29.222221,749.76294,10.222221,99.0963
FOLIAGE,201.0,120.0,9,0.11111111,0.0,3.9444444,14.774076,3.722222,9.618522
FOLIAGE,233.0,97.0,9,0.0,0.0,0.38888887,0.19629626,0.5555555,0.20740739
FOLIAGE,235.0,81.0,9,0.0,0.0,1.388889,0.41851807,0.77777773,0.2962964
FOLIAGE,226.0,84.0,9,0.0,0.0,3.055556,3.9740732,1.7777778,2.6962967
FOLIAGE,204.0,116.0,9,0.0,0.0,1.0555555,1.262963,1.0555556,1.4407407
FOLIAGE,226.0,110.0,9,0.0,0.0,0.33333334,0.08888887,0.49999997,0.2111111
FOLIAGE,227.0,69.0,9,0.0,0.0,3.6111114,45.929623,4.333333,36.400005
FOLIAGE,241.0,137.0,9,0.0,0.11111111,4.277778,18.685184,3.8333333,37.500004
FOLIAGE,235.0,88.0,9,0.0,0.0,0.6111111,0.24074072,0.9444445,0.32962963
FOLIAGE,196.0,93.0,9,0.0,0.0,1.7777777,2.562963,1.5,0.92222214
FOLIAGE,237.0,106.0,9,0.0,0.0,0.9444444,0.15185204,0.8333333,0.47777775
FOLIAGE,207.0,97.0,9,0.0,0.0,0.88888884,0.65185195,0.7777777,0.4740743
FOLIAGE,206.0,80.0,9,0.0,0.0,4.888889,14.829629,3.8333333,36.12222
FOLIAGE,217.0,73.0,9,0.0,0.0,0.88888884,0.78518516,1.7222223,0.86296207
FOLIAGE,194.0,124.0,9,0.0,0.0,1.4999999,0.43333384,1.388889,0.90740687
FOLIAGE,197.0,105.0,9,0.0,0.0,3.7222223,15.662961,3.6666663,14.400001
FOLIAGE,237.0,137.0,9,0.0,0.0,0.38888887,0.1074074,0.33333334,0.04444445
FOLIAGE,225.0,91.0,9,0.0,0.0,0.6666667,0.3555557,0.6666667,0.31111112
FOLIAGE,203.0,93.0,9,0.0,0.0,2.6666667,6.4444437,3.4444444,11.674076
FOLIAGE,226.0,69.0,9,0.0,0.11111111,19.111113,991.7184,20.444445,1039.5408
FOLIAGE,239.0,123.0,9,0.0,0.0,0.5,0.077777736,0.5,0.16666667
FOLIAGE,221.0,111.0,9,0.0,0.0,0.6111111,0.24074069,0.38888887,0.24074073
FOLIAGE,241.0,90.0,9,0.0,0.11111111,5.6666665,23.377783,6.7777786,63.76296
FOLIAGE,215.0,123.0,9,0.0,0.0,0.33333334,0.13333334,0.6666667,0.0444444
FOLIAGE,220.0,124.0,9,0.0,0.0,0.22222221,0.029629631,0.44444442,0.07407406
FOLIAGE,217.0,115.0,9,0.0,0.0,1.1666666,0.34444454,0.5555555,0.38518524
FOLIAGE,242.0,81.0,9,0.0,0.0,22.388887,189.44075,15.166667,110.8778
FOLIAGE,235.0,120.0,9,0.0,0.0,0.44444442,0.3407407,0.49999997,0.30000004
FOLIAGE,214.0,79.0,9,0.0,0.0,1.2777778,0.86296296,1.3333334,0.53333336
FOLIAGE,196.0,100.0,9,0.0,0.0,7.277777,83.351845,5.777778,68.87406
FOLIAGE,195.0,99.0,9,0.0,0.0,3.0555553,4.462964,2.7777777,4.651851
FOLIAGE,214.0,121.0,9,0.0,0.0,0.2777778,0.06296298,0.11111111,0.07407408
FOLIAGE,230.0,98.0,9,0.0,0.0,0.38888884,0.15185185,0.38888887,0.06296294
FOLIAGE,199.0,100.0,9,0.0,0.0,2.3888886,1.4407414,2.4444444,6.02963
FOLIAGE,234.0,122.0,9,0.0,0.0,1.7222222,7.8407397,1.3888888,7.574073
FOLIAGE,230.0,124.0,9,0.0,0.0,0.2777778,0.10740743,0.2777778,0.15185183
FOLIAGE,205.0,83.0,9,0.0,0.0,24.555555,688.0741,8.333333,121.24443
FOLIAGE,240.0,79.0,9,0.0,0.0,16.277779,40.862957,14.166667,155.3222
FOLIAGE,226.0,72.0,9,0.0,0.0,1.2777778,0.81851846,1.3888888,1.4407405
FOLIAGE,228.0,91.0,9,0.0,0.0,0.72222227,0.1962963,1.1111112,0.38518512
FOLIAGE,224.0,73.0,9,0.0,0.0,1.5,1.2777776,2.3333333,1.0666656
FOLIAGE,234.0,110.0,9,0.0,0.0,0.8333333,0.21111107,0.5,0.56666666
FOLIAGE,201.0,86.0,9,0.0,0.11111111,9.5,222.70003,8.777779,105.54074
FOLIAGE,59.0,87.0,9,0.0,0.11111111,11.166667,84.87777,13.222221,70.02964
FOLIAGE,132.0,91.0,9,0.0,0.11111111,18.944445,188.50739,33.444447,889.3629
FOLIAGE,139.0,128.0,9,0.0,0.0,2.9444444,7.8851867,3.166667,12.433335
FOLIAGE,118.0,133.0,9,0.0,0.0,0.22222221,0.029629631,0.22222221,0.029629631
FOLIAGE,55.0,80.0,9,0.11111111,0.0,1.833333,4.3,1.8333334,1.0999995
FOLIAGE,3.0,91.0,9,0.0,0.11111111,2.2222223,5.051852,1.0,1.9555557
FOLIAGE,58.0,95.0,9,0.0,0.0,2.166667,1.6333324,1.9444445,0.68518573
FOLIAGE,98.0,144.0,9,0.0,0.0,0.22222221,0.029629648,0.33333334,0.08888887
FOLIAGE,114.0,102.0,9,0.0,0.0,1.1111112,1.2296298,1.1666665,0.877778
FOLIAGE,25.0,91.0,9,0.0,0.0,1.611111,4.3740745,1.388889,0.99629617
FOLIAGE,78.0,99.0,9,0.0,0.0,1.611111,8.018518,3.0555553,14.7740755
FOLIAGE,14.0,120.0,9,0.0,0.0,0.3333333,0.13333331,0.44444442,0.29629624
FOLIAGE,18.0,123.0,9,0.0,0.0,0.72222227,0.86296284,0.6111111,0.41851848
FOLIAGE,35.0,76.0,9,0.0,0.11111111,7.777778,192.20744,7.8333335,201.72226
FOLIAGE,123.0,136.0,9,0.0,0.0,0.5555555,1.0962964,0.6666666,1.3333331
FOLIAGE,36.0,145.0,9,0.0,0.0,0.2777778,0.19629629,1.2777778,2.0629628
FOLIAGE,133.0,102.0,9,0.0,0.11111111,22.055555,374.5964,29.888887,488.02975
FOLIAGE,70.0,98.0,9,0.11111111,0.0,1.2222221,1.7185185,1.7777777,1.3185183
FOLIAGE,81.0,122.0,9,0.0,0.11111111,7.388889,64.95186,4.8333335,42.255566
FOLIAGE,49.0,95.0,9,0.0,0.0,1.6666665,5.911111,3.0,3.2888885
FOLIAGE,20.0,137.0,9,0.0,0.0,0.11111113,0.029629631,0.27777782,0.018518519
FOLIAGE,95.0,141.0,9,0.0,0.0,0.72222215,0.24074078,0.72222215,0.1518519
FOLIAGE,55.0,108.0,9,0.0,0.0,6.3888893,22.507414,3.388889,10.107411
FOLIAGE,18.0,142.0,9,0.0,0.0,0.77777773,0.65185183,0.2777778,0.15185186
FOLIAGE,96.0,96.0,9,0.0,0.0,1.0,1.5111109,0.8333333,0.29999986
FOLIAGE,19.0,145.0,9,0.0,0.0,0.88888884,1.674074,2.111111,4.3851857
FOLIAGE,3.0,78.0,9,0.0,0.11111111,14.833332,356.16672,43.333332,662.35547
FOLIAGE,50.0,109.0,9,0.0,0.0,2.222222,1.2296311,1.9999996,5.911112
FOLIAGE,41.0,77.0,9,0.11111111,0.0,1.777778,0.6518514,1.611111,1.5740745
FOLIAGE,60.0,132.0,9,0.0,0.0,0.11111113,0.029629637,0.22222222,0.029629637
FOLIAGE,100.0,111.0,9,0.0,0.0,3.7222223,20.951847,4.111111,19.496296
FOLIAGE,37.0,76.0,9,0.0,0.0,1.777778,0.9185186,1.8333334,1.8111115
FOLIAGE,2.0,88.0,9,0.0,0.0,3.611111,7.218519,2.4999998,5.855556
FOLIAGE,139.0,121.0,9,0.0,0.0,1.0555555,0.41851884,1.1666666,0.83333385
FOLIAGE,31.0,96.0,9,0.0,0.0,2.3333333,3.6,2.7777777,6.162962
FOLIAGE,26.0,137.0,9,0.0,0.0,0.055555563,0.018518524,0.11111113,0.029629637
FOLIAGE,68.0,107.0,9,0.11111111,0.0,1.111111,3.1407404,1.111111,2.5629632
FOLIAGE,130.0,102.0,9,0.0,0.0,7.277778,73.7963,9.444444,90.91857
FOLIAGE,127.0,81.0,9,0.0,0.0,24.33333,442.17786,22.111109,263.09634
FOLIAGE,74.0,129.0,9,0.0,0.0,0.22222222,0.029629637,0.11111111,0.029629635
FOLIAGE,75.0,98.0,9,0.0,0.0,3.9444444,45.84074,4.6666665,39.288876
FOLIAGE,39.0,77.0,9,0.11111111,0.0,1.8333334,1.811111,2.388889,0.7740743
FOLIAGE,49.0,116.0,9,0.0,0.0,1.3333334,0.31111145,2.111111,1.3185191
FOLIAGE,31.0,68.0,9,0.0,0.0,27.944443,203.35188,18.277777,338.64075
FOLIAGE,94.0,144.0,9,0.0,0.0,0.44444442,0.118518494,0.49999997,0.1666667
FOLIAGE,75.0,131.0,9,0.0,0.0,0.22222222,0.029629637,0.33333334,0.04444442
FOLIAGE,122.0,123.0,9,0.0,0.0,0.6111111,0.374074,0.49999997,0.21111104
GRASS,110.0,189.0,9,0.0,0.0,1.0000004,0.66666675,1.2222223,1.1863422
GRASS,86.0,187.0,9,0.0,0.0,1.1111108,0.7200825,1.4444445,0.750309
GRASS,225.0,244.0,9,0.0,0.0,3.3888886,2.1951127,2.9999998,1.5202343
GRASS,47.0,232.0,9,0.0,0.0,1.2777778,1.254621,1.0,0.8944273
GRASS,97.0,186.0,9,0.0,0.0,1.1666671,0.6912147,1.1666671,1.0055404
GRASS,157.0,221.0,9,0.0,0.0,1.0555555,0.6469299,1.2222222,0.6206328
GRASS,62.0,224.0,9,0.0,0.0,0.9444445,1.083547,2.3333335,1.6329932
GRASS,27.0,248.0,9,0.11111111,0.0,1.611111,0.6469295,3.1666667,1.7224005
GRASS,44.0,233.0,9,0.0,0.0,2.2222219,2.1464872,2.111111,1.3277657
GRASS,17.0,229.0,9,0.0,0.0,2.1111114,1.9851303,2.4444447,1.6147469
GRASS,32.0,240.0,9,0.0,0.0,1.2777776,1.540803,2.2777777,1.7051125
GRASS,55.0,209.0,9,0.11111111,0.0,1.8333331,1.2952907,1.3888888,0.99814624
GRASS,138.0,203.0,9,0.0,0.0,1.666667,1.6465453,2.2777781,1.8787308
GRASS,90.0,189.0,9,0.0,0.0,0.88888884,0.7793635,1.0555555,0.82775915
GRASS,245.0,238.0,9,0.11111111,0.0,1.6666665,2.5385911,2.3333333,2.4404008
GRASS,58.0,217.0,9,0.0,0.0,1.3888888,1.06284,1.6666665,1.3498971
GRASS,146.0,201.0,9,0.0,0.0,0.61111087,0.32773054,1.0555555,0.8004625
GRASS,19.0,184.0,9,0.0,0.0,0.5555555,0.34426498,0.8333333,0.62360954
GRASS,245.0,176.0,9,0.0,0.0,1.0000006,0.516398,1.0,0.5577736
GRASS,228.0,182.0,9,0.11111111,0.0,0.88888854,0.68853056,0.7777775,0.6554615
GRASS,80.0,203.0,9,0.0,0.0,1.3888887,0.74286735,1.9444443,1.5263122
GRASS,184.0,197.0,9,0.0,0.0,3.0555553,3.2551951,4.5555553,2.7460418
GRASS,85.0,223.0,9,0.11111111,0.0,1.7777776,1.0470417,1.9444445,1.5116831
GRASS,162.0,237.0,9,0.11111111,0.0,2.2777777,1.1434193,2.6666667,2.564718
GRASS,116.0,245.0,9,0.0,0.0,2.277778,1.1626909,2.2777777,1.496911
GRASS,44.0,187.0,9,0.0,0.0,1.4444448,0.3442649,0.8333335,1.0274024
GRASS,215.0,219.0,9,0.0,0.0,2.5555556,2.2377238,3.2222223,2.491467
GRASS,200.0,250.0,9,0.0,0.0,2.2777777,1.420746,1.4444445,1.0255988
GRASS,114.0,238.0,9,0.0,0.0,1.666667,1.1352924,1.4444445,1.0680548
GRASS,30.0,251.0,9,0.0,0.0,2.444444,1.8816857,8.0,1.6055425
GRASS,34.0,164.0,9,0.0,0.0,0.888889,0.40368673,1.2777778,0.49065349
GRASS,102.0,203.0,9,0.0,0.0,0.6666665,0.760117,1.3333331,0.8944272
GRASS,217.0,245.0,9,0.11111111,0.11111111,3.1666667,3.0166214,2.1666667,1.2427571
GRASS,163.0,210.0,9,0.0,0.0,1.5555555,0.5443307,1.4999999,0.9603243
GRASS,4.0,188.0,9,0.0,0.0,1.5555555,0.68853056,2.333333,0.7601162
GRASS,34.0,169.0,9,0.0,0.0,0.8333333,0.5055251,1.6111112,0.8798151
GRASS,47.0,209.0,9,0.0,0.0,1.7222222,1.2895589,1.388889,0.92895794
GRASS,158.0,195.0,9,0.0,0.0,2.4444442,2.3444183,2.8333333,1.7224011
GRASS,176.0,233.0,9,0.11111111,0.0,1.4444443,1.1482676,2.611111,1.90224
GRASS,223.0,185.0,9,0.0,0.0,0.5,0.34960312,2.3888886,2.0807757
GRASS,10.0,223.0,9,0.11111111,0.0,1.5000001,1.0697871,3.555556,2.9489486
GRASS,166.0,222.0,9,0.0,0.0,1.5555555,0.83444345,1.1666665,0.6236094
GRASS,175.0,212.0,9,0.11111111,0.0,1.0000001,0.666667,1.8333334,1.345775
GRASS,88.0,211.0,9,0.22222222,0.0,1.388889,0.87981474,2.4444444,1.4555134
GRASS,170.0,226.0,9,0.0,0.0,1.5555553,1.4246508,2.3888888,1.2895594
GRASS,75.0,226.0,9,0.0,0.0,2.2222226,0.6554613,1.611111,1.0201668
GRASS,2.0,198.0,9,0.11111111,0.0,0.888889,0.6206327,1.9444448,1.3567389
GRASS,85.0,225.0,9,0.0,0.0,1.5,1.0055401,1.6111113,1.2895594
GRASS,47.0,215.0,9,0.0,0.0,3.1111114,1.7847089,3.3888893,2.4075494
GRASS,156.0,181.0,9,0.0,0.0,0.49999985,0.34960297,1.4999999,0.50552523
GRASS,57.0,229.0,9,0.0,0.0,2.7222226,2.0593057,3.4444447,1.4089648
GRASS,29.0,195.0,9,0.0,0.0,0.44444433,0.40368652,0.61111087,0.6804136
GRASS,8.0,199.0,9,0.0,0.0,1.6666671,0.78881073,1.3888893,0.71232533
GRASS,135.0,211.0,9,0.0,0.0,1.8888885,1.3277655,2.1666663,1.1498789
GRASS,103.0,174.0,9,0.11111111,0.0,1.4444447,1.1674602,1.6666666,1.2649112
GRASS,34.0,242.0,9,0.0,0.0,1.611111,1.638653,2.4444447,1.1088866
GRASS,197.0,156.0,9,0.0,0.0,0.9444439,0.49065349,2.0555558,1.705112
GRASS,35.0,167.0,9,0.0,0.0,1.611111,0.9289586,1.5,1.130388
GRASS,129.0,176.0,9,0.0,0.0,1.4444443,0.65546167,2.722222,1.5408025
GRASS,29.0,184.0,9,0.0,0.0,1.6111107,1.0628402,2.6666667,1.8973663
GRASS,46.0,238.0,9,0.0,0.0,1.0555557,0.8277594,2.166667,1.8226967
GRASS,207.0,172.0,9,0.0,0.0,1.0000004,0.29814267,1.6666673,0.9189365
GRASS,182.0,197.0,9,0.11111111,0.0,2.166667,0.69121456,2.3888888,1.5834798
GRASS,145.0,170.0,9,0.0,0.0,1.277778,0.57413363,1.222222,0.86066276
GRASS,106.0,193.0,9,0.0,0.0,1.0555557,0.9525794,0.888889,0.6206331
GRASS,100.0,155.0,9,0.0,0.0,0.49999967,0.45946836,0.8333333,0.349603
GRASS,91.0,247.0,9,0.0,0.0,2.6666665,1.2472191,2.222222,1.4246507
GRASS,73.0,164.0,9,0.0,0.0,0.94444436,0.5741329,1.888889,1.0470407
GRASS,170.0,185.0,9,0.0,0.0,0.611111,0.44305348,1.4444447,1.0470417
GRASS,144.0,169.0,9,0.0,0.0,1.1111107,0.77936363,1.3888884,0.74286735
GRASS,11.0,163.0,9,0.0,0.0,1.0555553,0.928958,2.5000002,1.3123353
GRASS,164.0,202.0,9,0.11111111,0.0,1.4999999,1.8226964,1.6111112,0.82775855
GRASS,230.0,162.0,9,0.0,0.0,1.6666666,1.0749676,0.9444442,0.5741337
GRASS,249.0,207.0,9,0.22222222,0.0,2.7222226,0.9289574,0.888889,0.27216536
GRASS,97.0,176.0,9,0.0,0.0,0.77777797,0.6554612,2.3888893,1.3066785
GRASS,42.0,244.0,9,0.11111111,0.0,1.111111,1.4707015,1.1111112,1.2590414
GRASS,210.0,232.0,9,0.0,0.0,1.8333335,1.2064636,1.4999999,1.7224014
GRASS,10.0,196.0,9,0.0,0.0,1.2222217,1.0470414,0.9999997,0.8432735
GRASS,238.0,162.0,9,0.22222222,0.0,0.94444466,0.7123257,2.666667,0.73029745
GRASS,115.0,182.0,9,0.0,0.0,0.5555558,1.0470418,0.7222228,1.1434194
GRASS,242.0,183.0,9,0.0,0.0,1.4999999,0.9368979,2.1666667,1.798147
GRASS,72.0,235.0,9,0.11111111,0.0,2.8333328,1.7480147,5.277778,3.1369953
GRASS,169.0,199.0,9,0.0,0.0,1.277778,0.4430534,1.277778,1.041722
GRASS,76.0,198.0,9,0.0,0.0,1.7777778,1.2049282,1.5000001,0.69121444
GRASS,120.0,227.0,9,0.0,0.0,1.4444442,1.186342,1.8888887,0.80737346
GRASS,212.0,239.0,9,0.0,0.0,1.9444443,1.4516913,2.3333333,2.8205595
GRASS,4.0,208.0,9,0.11111111,0.0,2.3333333,1.7638342,2.4444444,1.6953101
GRASS,221.0,195.0,9,0.0,0.0,1.2222223,1.408966,2.9444447,1.5263131
GRASS,252.0,181.0,9,0.0,0.0,0.9999997,0.6324556,2.055555,2.037609
GRASS,154.0,249.0,9,0.0,0.0,3.5,2.306994,4.5555553,3.5381527
GRASS,23.0,219.0,9,0.0,0.0,1.4999999,1.0055401,1.7222223,0.9289575
GRASS,196.0,241.0,9,0.0,0.0,1.5555557,1.1287489,1.1666667,1.206464
GRASS,215.0,235.0,9,0.0,0.0,1.388889,1.06284,1.0555557,0.49065349
GRASS,51.0,237.0,9,0.11111111,0.0,2.5555556,2.5356712,2.3333333,1.2292727
GRASS,244.0,193.0,9,0.0,0.0,2.0555556,2.225275,3.8888886,3.631141
GRASS,232.0,175.0,9,0.0,0.0,1.1666669,0.62360954,2.8333333,2.1679492
GRASS,140.0,161.0,9,0.0,0.0,0.27777767,0.3277306,0.7777777,0.6206328
GRASS,38.0,241.0,9,0.0,0.0,2.055556,0.5741337,1.5555559,1.4246509
GRASS,158.0,151.0,9,0.0,0.0,0.38888898,0.38968158,4.4444447,4.0423675
GRASS,37.0,196.0,9,0.0,0.0,1.2777777,0.9981464,1.3333334,0.81649673
GRASS,183.0,157.0,9,0.0,0.0,0.6666667,0.4216376,2.1111114,0.62063295
GRASS,132.0,223.0,9,0.0,0.0,2.1111112,0.72008204,1.7777777,0.9349196
GRASS,222.0,189.0,9,0.0,0.0,0.833333,1.0055403,1.0000006,1.1925697
GRASS,48.0,173.0,9,0.0,0.0,1.1666666,1.0697874,1.4444447,1.6420407
GRASS,136.0,216.0,9,0.11111111,0.0,2.7777774,1.3277673,2.7222226,2.984528
GRASS,44.0,162.0,9,0.0,0.0,0.88888836,0.4554205,1.9444447,1.3567389
GRASS,99.0,160.0,9,0.0,0.0,2.0,0.84327424,3.055555,2.3609476
GRASS,68.0,172.0,9,0.0,0.0,1.0555553,1.0628396,2.3333337,1.6996722
GRASS,112.0,201.0,9,0.0,0.0,2.833333,1.2952907,3.111111,1.7847089
GRASS,212.0,160.0,9,0.0,0.0,1.4444441,1.2938602,1.4444443,1.7722135
GRASS,115.0,156.0,9,0.0,0.0,0.3888887,0.38968167,1.0555553,0.6469302
GRASS,200.0,215.0,9,0.0,0.0,1.5555559,0.95839405,4.722222,2.6450515
GRASS,252.0,194.0,9,0.0,0.0,2.1666667,0.7817362,2.055556,2.0266738
GRASS,119.0,181.0,9,0.11111111,0.0,0.7777774,0.7503084,3.277777,1.6113026
GRASS,235.0,249.0,9,0.0,0.11111111,1.6111113,2.4259405,2.666667,1.5055449
GRASS,221.0,201.0,9,0.11111111,0.0,1.4444443,1.1287485,2.4444447,0.8344436
GRASS,205.0,204.0,9,0.0,0.0,1.555555,0.9583939,1.8888887,1.7722135
GRASS,124.0,201.0,9,0.0,0.0,1.944445,1.9597805,2.0555556,1.306678
GRASS,94.0,246.0,9,0.0,0.0,2.3333333,1.6193275,2.7222223,0.77220213
GRASS,145.0,152.0,9,0.0,0.0,0.72222203,1.1434193,2.7777774,1.1088861
GRASS,71.0,187.0,9,0.0,0.0,2.0,1.6329935,3.555555,1.8698399
GRASS,4.0,248.0,9,0.0,0.0,3.333334,1.8135293,3.2222226,1.2590408
GRASS,28.0,162.0,9,0.11111111,0.0,1.1666666,0.6236098,1.4444443,1.3277662
GRASS,63.0,158.0,9,0.11111111,0.0,0.99999934,1.0540929,1.888889,1.29386
GRASS,9.0,180.0,9,0.0,0.0,1.166667,0.7226493,1.1666673,0.9831922
GRASS,234.0,161.0,9,0.0,0.0,0.888889,0.501849,1.6111113,1.4050179
GRASS,52.0,170.0,9,0.0,0.0,0.55555564,0.4554201,0.94444436,0.38968262
GRASS,168.0,209.0,9,0.0,0.0,1.3333334,0.6666665,0.7222217,0.7123257
GRASS,153.0,204.0,9,0.11111111,0.0,2.388889,1.6920295,3.3333333,1.3824291
GRASS,47.0,175.0,9,0.0,0.0,1.3333327,0.78881073,1.166666,0.88819396
GRASS,238.0,211.0,9,0.11111111,0.0,1.0555559,0.49065375,1.6111113,1.2546215
GRASS,214.0,246.0,9,0.0,0.0,2.8333328,1.9177537,2.9999993,1.988857
GRASS,75.0,240.0,9,0.0,0.0,2.4444444,1.9512578,2.1111114,1.3608272
GRASS,160.0,168.0,9,0.0,0.0,1.5,1.1498789,0.6666663,0.47140402
GRASS,212.0,235.0,9,0.0,0.0,1.4444447,1.4555132,1.944445,2.2648687
GRASS,215.0,190.0,9,0.11111111,0.0,1.388889,1.0417223,2.6111114,1.8429048
GRASS,8.0,226.0,9,0.0,0.0,2.8888886,1.9851301,1.111111,0.4554203
GRASS,204.0,156.0,9,0.0,0.0,0.5000003,0.27888626,1.9999996,0.55777323
GRASS,117.0,224.0,9,0.0,0.0,3.0555556,2.5596585,3.0555556,3.0215273
GRASS,145.0,248.0,9,0.0,0.0,2.0555553,1.7180947,2.111111,1.3770607
GRASS,119.0,169.0,9,0.0,0.0,1.166667,0.98319227,0.9999997,0.91893625
GRASS,111.0,246.0,9,0.0,0.0,3.166667,2.0949678,5.833334,4.113663
GRASS,240.0,190.0,9,0.0,0.0,1.5555553,0.75030917,1.3333334,1.0954453
GRASS,207.0,215.0,9,0.0,0.0,3.222222,2.0403335,2.4999998,1.6158936
GRASS,49.0,240.0,9,0.0,0.11111111,3.0555553,1.638654,2.0555556,1.7437719
GRASS,115.0,183.0,9,0.0,0.0,1.055555,0.7722019,4.722222,1.0201681
GRASS,222.0,194.0,9,0.0,0.0,2.2777774,1.1434193,2.2777777,1.4207466
GRASS,24.0,215.0,9,0.22222222,0.0,0.8333333,0.80966425,2.5555556,1.2590423
GRASS,114.0,242.0,9,0.0,0.0,2.7222223,2.4532676,4.6666675,1.9206476
GRASS,206.0,233.0,9,0.0,0.0,1.388889,1.5408032,1.7222227,0.82775885
GRASS,90.0,237.0,9,0.0,0.0,2.4444444,1.327766,2.7222216,2.678446
GRASS,236.0,240.0,9,0.0,0.0,2.5555553,1.6688874,3.3888886,2.4532666
GRASS,116.0,203.0,9,0.0,0.0,3.0555553,1.9484084,2.9444437,1.7564695
GRASS,242.0,164.0,9,0.11111111,0.0,0.38888898,0.534027,3.222223,1.0470421
GRASS,200.0,245.0,9,0.11111111,0.0,1.4999999,0.9222229,1.0555552,0.5074078
GRASS,251.0,215.0,9,0.11111111,0.0,1.5000001,2.0333328,2.777778,2.518517
GRASS,153.0,208.0,9,0.0,0.0,2.4444444,2.429628,1.9444442,3.0851858
GRASS,245.0,249.0,9,0.0,0.0,2.0,1.2888895,1.4999999,0.61111146
GRASS,101.0,197.0,9,0.0,0.0,3.5555553,7.54074,4.9444447,6.418518
GRASS,224.0,242.0,9,0.0,0.0,1.8888888,0.829629,2.222222,3.2740743
GRASS,192.0,239.0,9,0.11111111,0.0,2.4999998,2.4333322,2.277778,1.3074071
GRASS,217.0,208.0,9,0.0,0.0,2.5000002,2.1666656,2.6666667,2.4444458
GRASS,197.0,229.0,9,0.0,0.0,1.3888885,1.5740727,1.1666662,0.5666664
GRASS,21.0,216.0,9,0.11111111,0.0,3.833333,0.69999796,0.8333333,0.47777775
GRASS,142.0,208.0,9,0.0,0.0,1.9444442,2.6407385,2.4999995,1.3222219
GRASS,94.0,215.0,9,0.0,0.0,3.1111114,5.0962954,1.6111113,1.1296293
GRASS,233.0,211.0,9,0.11111111,0.0,2.6666667,6.0888896,1.6666666,1.7333333
GRASS,72.0,191.0,9,0.11111111,0.0,1.2777777,0.5074075,3.1111114,4.6074066
GRASS,160.0,210.0,9,0.0,0.0,1.611111,1.129629,1.222222,1.0074075
GRASS,39.0,246.0,9,0.11111111,0.0,2.277778,3.2629633,1.8333334,2.4333339
GRASS,34.0,196.0,9,0.0,0.0,1.3888888,2.0185175,2.3888886,1.2185196
GRASS,214.0,236.0,9,0.0,0.0,0.5,0.25555578,3.7777774,1.3629639
GRASS,159.0,180.0,9,0.11111111,0.0,1.5555557,0.87407404,3.277778,3.3962972
GRASS,60.0,181.0,9,0.11111111,0.0,1.6666666,1.2000005,2.6666667,2.0888875
GRASS,20.0,248.0,9,0.0,0.0,1.8333335,0.8333331,1.6666669,1.5999992
GRASS,197.0,236.0,9,0.0,0.0,2.4444444,6.829628,3.3333333,7.599998
GRASS,174.0,178.0,9,0.0,0.0,1.388889,2.6851842,5.0,10.4
GRASS,116.0,245.0,9,0.11111111,0.0,1.3888888,0.5518514,2.222222,3.940739
GRASS,115.0,202.0,9,0.11111111,0.0,1.611111,0.24074046,2.388889,2.596295
GRASS,21.0,232.0,9,0.0,0.0,2.3888888,2.6851852,2.277778,2.3740737
GRASS,244.0,211.0,9,0.0,0.0,1.6666666,1.3333334,2.0000002,2.311112
GRASS,163.0,177.0,9,0.11111111,0.0,1.1666673,0.7,2.5,0.7888896
GRASS,188.0,186.0,9,0.0,0.0,0.88888836,0.1629624,0.77777797,0.2074075
GRASS,86.0,194.0,9,0.0,0.0,1.777778,1.2740743,1.8888888,0.38518524
GRASS,116.0,211.0,9,0.0,0.0,1.722222,1.1296293,1.6111113,1.7074069
GRASS,146.0,238.0,9,0.0,0.0,2.0555556,0.59629667,2.6666665,1.8666656
GRASS,128.0,175.0,9,0.0,0.0,2.1666667,4.2111096,2.7222214,4.3296275
GRASS,164.0,178.0,9,0.22222222,0.0,1.3888887,0.86296487,2.5000002,1.4555563
GRASS,202.0,208.0,9,0.0,0.0,1.7222223,1.3962964,1.8333334,3.0555542
GRASS,111.0,235.0,9,0.0,0.0,1.6111107,1.3074071,2.7222216,2.5518525
GRASS,45.0,185.0,9,0.11111111,0.0,2.1666663,3.7222214,1.9444442,2.6851857
GRASS,80.0,184.0,9,0.0,0.0,3.444444,11.851854,4.166667,5.8555503
GRASS,196.0,182.0,9,0.0,0.0,1.1666664,0.43333244,0.6111107,0.37407404
GRASS,6.0,217.0,9,0.0,0.0,2.111111,5.0962963,3.944444,12.50741
GRASS,26.0,211.0,9,0.0,0.0,1.6666666,1.4666667,1.6666669,1.8222221
GRASS,117.0,246.0,9,0.0,0.0,2.277778,5.6185174,2.6666665,5.866666
GRASS,162.0,227.0,9,0.0,0.0,1.3888888,0.99629617,3.1666667,8.611113
GRASS,225.0,222.0,9,0.11111111,0.0,1.5,0.4777781,1.7777778,1.7185186
GRASS,71.0,180.0,9,0.11111111,0.0,1.222222,0.5629625,3.0,1.8666646
GRASS,192.0,157.0,9,0.0,0.0,1.0555559,0.5074076,0.77777797,0.16296285
PATH,165.0,186.0,9,0.0,0.0,2.5555546,1.5729187,2.0,1.173788
PATH,64.0,176.0,9,0.0,0.0,2.3333328,0.91893756,1.0000006,0.91893756
PATH,200.0,189.0,9,0.0,0.0,1.1111113,1.0886619,3.1666667,1.0055408
PATH,135.0,185.0,9,0.11111111,0.0,2.2222214,2.8100352,2.2777793,1.2895584
PATH,183.0,185.0,9,0.0,0.0,2.8888881,1.4246495,5.777777,5.556445
PATH,253.0,192.0,9,0.0,0.0,2.1666667,2.0083156,2.5555553,1.5444032
PATH,54.0,176.0,9,0.0,0.0,2.1111126,0.68853056,2.6666672,2.6915512
PATH,86.0,179.0,9,0.0,0.0,2.0,1.2823589,3.555556,3.0743864
PATH,250.0,196.0,9,0.0,0.0,1.4999994,1.5018506,2.2777767,1.2186811
PATH,237.0,192.0,9,0.11111111,0.0,0.8333333,0.54772305,4.3888893,3.5239923
PATH,214.0,194.0,9,0.0,0.0,1.222222,1.0255985,3.2222226,1.6953099
PATH,160.0,187.0,9,0.11111111,0.0,2.6111119,1.9369694,5.1111107,3.5381508
PATH,201.0,191.0,9,0.0,0.0,1.0000006,0.76011723,2.944444,1.0201671
PATH,217.0,195.0,9,0.0,0.0,4.2222233,3.284081,2.3888893,2.102027
PATH,185.0,188.0,9,0.0,0.0,1.7777767,1.1287484,1.9999994,1.2472184
PATH,65.0,176.0,9,0.0,0.0,2.8888886,1.4707015,1.5,1.1690452
PATH,251.0,195.0,9,0.0,0.0,2.944444,2.8784,3.833334,2.3546653
PATH,149.0,182.0,9,0.11111111,0.0,3.1111126,3.2087827,7.0,5.6489916
PATH,171.0,187.0,9,0.0,0.11111111,2.9444454,1.7309813,2.6666672,2.4312778
PATH,249.0,200.0,9,0.0,0.0,2.5555546,2.6218467,2.5,1.2064643
PATH,24.0,172.0,9,0.0,0.0,1.166667,0.9128703,9.777778,5.455545
PATH,129.0,184.0,9,0.11111111,0.0,2.222222,0.91084087,3.6111114,1.8186271
PATH,77.0,177.0,9,0.0,0.0,1.3333327,1.3333344,2.1666672,1.9748423
PATH,189.0,187.0,9,0.0,0.0,1.2222227,1.0036974,3.0555553,2.3890193
PATH,53.0,176.0,9,0.0,0.0,1.9444453,0.8798155,1.5555559,1.9962938
PATH,223.0,190.0,9,0.0,0.0,1.9999994,1.0327959,2.055556,1.4669192
PATH,188.0,190.0,9,0.0,0.0,1.9444447,0.9756285,2.055556,1.103865
PATH,205.0,190.0,9,0.0,0.0,1.2777773,0.9981452,1.6111107,1.1238158
PATH,214.0,195.0,9,0.0,0.0,0.8333333,0.6582802,2.0,0.9660913
PATH,147.0,182.0,9,0.0,0.0,2.2777786,1.7051128,2.9444447,1.5974519
PATH,70.0,177.0,9,0.0,0.0,2.166666,1.0697887,1.666666,1.173788
PATH,173.0,190.0,9,0.11111111,0.0,2.3333328,2.5647182,1.5555559,1.2049291
PATH,215.0,193.0,9,0.0,0.0,1.9999994,0.5163988,4.8333335,1.2952919
PATH,168.0,184.0,9,0.0,0.0,4.6666665,1.5202329,5.8333325,1.8104627
PATH,227.0,196.0,9,0.0,0.0,2.6111114,2.360949,3.5555565,1.6953094
PATH,202.0,193.0,9,0.0,0.0,1.111112,0.7503075,3.3888881,2.489236
PATH,185.0,186.0,9,0.0,0.0,2.1666667,1.8589127,2.9999993,1.3498974
PATH,248.0,200.0,9,0.0,0.0,1.388888,0.9525792,1.777778,1.1674607
PATH,253.0,201.0,9,0.0,0.0,2.9999993,2.6915498,2.8333328,2.3357134
PATH,252.0,201.0,9,0.0,0.0,4.6111107,5.495115,5.5555553,5.795274
PATH,228.0,191.0,9,0.0,0.0,1.4444447,0.6206325,2.3333328,1.1925693
PATH,102.0,179.0,9,0.11111111,0.0,1.8333334,1.5311582,2.4444447,1.8816848
PATH,235.0,196.0,9,0.0,0.0,1.6666666,1.333334,2.222222,1.1482682
PATH,110.0,182.0,9,0.0,0.0,2.3888893,1.7940235,2.555556,1.5587274
PATH,209.0,191.0,9,0.0,0.11111111,3.0555553,2.3037815,5.722222,6.071487
PATH,235.0,195.0,9,0.0,0.0,1.8888887,2.0940824,2.9999988,1.7384534
PATH,236.0,193.0,9,0.0,0.0,2.6666653,1.6865476,4.0555553,3.2756124
PATH,180.0,186.0,9,0.11111111,0.0,1.5000013,1.7981453,1.9444441,1.7815933
PATH,181.0,186.0,9,0.11111111,0.0,2.9444454,2.7114286,2.0555553,1.6788442
PATH,132.0,182.0,9,0.0,0.0,0.8888893,0.655462,2.1111114,1.7722135
PATH,133.0,181.0,9,0.0,0.0,2.3888893,2.1645303,4.777777,2.8648567
PATH,227.0,195.0,9,0.11111111,0.0,2.5,2.2385526,3.5000007,2.8886762
PATH,142.0,183.0,9,0.11111111,0.0,1.0,0.8692275,1.5555553,1.4857352
PATH,167.0,190.0,9,0.0,0.0,3.055556,0.85418355,5.055556,2.784215
PATH,23.0,172.0,9,0.0,0.0,1.333334,0.8944272,9.166667,5.8566217
PATH,142.0,185.0,9,0.11111111,0.0,2.2777786,1.7690771,3.1111114,1.1674604
PATH,200.0,193.0,9,0.0,0.0,2.555556,2.0403337,4.6111107,3.5926886
PATH,178.0,185.0,9,0.0,0.0,2.6111119,1.8063676,3.1111114,2.2771008
PATH,233.0,197.0,9,0.0,0.11111111,3.8888874,2.78621,2.0,1.2649122
PATH,169.0,186.0,9,0.0,0.22222222,2.333334,1.659987,5.5000005,2.5188184
PATH,118.0,180.0,9,0.0,0.0,1.9444447,1.4819913,3.1111114,1.0886629
PATH,234.0,194.0,9,0.0,0.22222222,1.4444453,1.9512585,3.8333333,3.0894084
PATH,142.0,182.0,9,0.11111111,0.0,1.1111113,0.8344437,2.7777774,2.051197
PATH,240.0,195.0,9,0.0,0.0,1.8888887,1.1674597,1.8333346,1.709451
PATH,224.0,190.0,9,0.0,0.0,2.8888886,2.1361103,3.0000007,1.8499246
PATH,174.0,188.0,9,0.0,0.0,2.8888886,2.8803291,3.6111107,2.23524
PATH,252.0,195.0,9,0.0,0.0,2.6111119,2.091428,3.722222,2.2052138
PATH,149.0,185.0,9,0.0,0.0,1.5555553,1.0680546,3.0555553,1.9254627
PATH,118.0,182.0,9,0.11111111,0.0,1.777778,1.293861,2.500002,1.42595
PATH,170.0,189.0,9,0.0,0.0,2.277778,1.3235757,2.4444447,1.7847092
PATH,182.0,186.0,9,0.11111111,0.0,3.666666,2.0439608,1.7777767,1.2412661
PATH,10.0,172.0,9,0.0,0.0,4.277777,4.38896,6.6666656,7.360555
PATH,229.0,195.0,9,0.0,0.0,4.166666,2.2779152,4.111111,2.2476342
PATH,177.0,190.0,9,0.0,0.0,0.94444466,0.82775986,1.3888893,0.9525794
PATH,240.0,192.0,9,0.0,0.0,2.3888881,0.6469305,4.3888893,2.3796992
PATH,236.0,194.0,9,0.0,0.0,2.666666,1.9321826,2.4444435,1.7971164
PATH,117.0,181.0,9,0.11111111,0.0,1.8333334,1.2427571,3.0000007,2.054805
PATH,186.0,188.0,9,0.0,0.0,1.8333321,1.2605107,1.9444433,1.2546208
PATH,9.0,171.0,9,0.0,0.0,1.4999994,1.0055392,2.7777774,1.64204
PATH,190.0,188.0,9,0.0,0.0,2.0000007,1.5634717,2.2777774,1.7815938
PATH,244.0,194.0,9,0.0,0.0,1.722222,1.14342,2.277778,2.03761
PATH,205.0,194.0,9,0.0,0.0,1.6111107,1.2003093,5.388889,3.0435104
PATH,88.0,180.0,9,0.0,0.0,1.4999994,0.93689823,3.833332,2.888675
PATH,62.0,177.0,9,0.0,0.0,1.2777786,0.8798145,1.6666673,0.9428091
PATH,2.0,171.0,9,0.0,0.0,1.9444447,1.2186809,3.6666667,3.1269426
PATH,169.0,190.0,9,0.0,0.0,3.1111114,1.8094412,2.8888893,2.0940847
PATH,32.0,173.0,9,0.0,0.0,1.7222217,1.7815932,9.0,6.749488
PATH,205.0,190.0,9,0.0,0.0,1.2777773,0.9981452,1.6111107,1.1238158
PATH,204.0,194.0,9,0.0,0.0,2.6111114,1.9254627,5.1111107,3.4167333
PATH,144.0,187.0,9,0.0,0.0,1.9444441,2.0484867,6.222222,3.512938
PATH,154.0,189.0,9,0.0,0.0,1.5555553,1.0470409,1.4444441,0.8606628
PATH,140.0,188.0,9,0.0,0.0,2.0,2.1081848,3.0555546,2.4981472
PATH,71.0,197.0,9,0.0,0.0,2.7222233,1.8549237,4.555556,2.1464868
PATH,78.0,201.0,9,0.0,0.0,2.8333333,2.6562307,4.9999995,4.071583
PATH,38.0,202.0,9,0.0,0.0,2.166666,1.0697863,8.333334,2.5121903
PATH,173.0,186.0,9,0.0,0.11111111,3.2222226,2.115201,5.5,3.5071344
PATH,63.0,201.0,9,0.0,0.0,2.1111119,1.7341882,2.5000007,1.656637
PATH,138.0,185.0,9,0.0,0.0,3.0555546,2.977074,1.9444441,2.1542377
PATH,60.0,196.0,9,0.0,0.0,1.4444447,1.0470428,4.444444,1.9962916
PATH,105.0,189.0,9,0.0,0.0,2.0555553,1.5116827,4.4444447,3.4555368
PATH,145.0,185.0,9,0.11111111,0.0,2.7777767,2.257497,2.2222214,1.9512575
PATH,61.0,197.0,9,0.0,0.0,1.4444441,1.5153533,2.6111107,1.9254634
PATH,86.0,197.0,9,0.11111111,0.11111111,1.611112,1.4516907,1.2777786,1.1038647
PATH,250.0,176.0,9,0.0,0.11111111,1.611112,1.0628399,3.444444,1.6953092
PATH,167.0,189.0,9,0.0,0.0,3.7777774,2.2377224,3.7777774,1.544405
PATH,136.0,193.0,9,0.0,0.0,2.3888886,1.4516919,2.555556,1.408967
PATH,24.0,205.0,9,0.0,0.0,2.2222226,1.5869851,2.3888893,2.4892375
PATH,22.0,200.0,9,0.0,0.0,2.8888874,2.4098568,4.8333325,2.622552
PATH,83.0,198.0,9,0.0,0.0,2.3888886,1.4969089,4.833334,3.0092454
PATH,57.0,199.0,9,0.0,0.0,3.833334,2.647851,6.3888893,3.4667745
PATH,50.0,199.0,9,0.0,0.0,3.2222226,2.9789395,5.611111,4.6159945
PATH,147.0,193.0,9,0.0,0.0,6.6111126,3.6050377,7.055556,5.4095254
PATH,172.0,183.0,9,0.0,0.0,2.8888893,1.6821506,4.0555553,3.0725813
PATH,169.0,184.0,9,0.11111111,0.0,1.2222227,0.54433143,2.4999993,1.9293057
PATH,166.0,185.0,9,0.0,0.0,1.9444447,0.250924,2.0,0.21081811
PATH,28.0,204.0,9,0.0,0.0,2.0000007,1.7638338,3.222222,2.0834446
PATH,119.0,196.0,9,0.0,0.0,2.666666,2.1499357,1.3888893,1.35674
PATH,25.0,198.0,9,0.0,0.0,2.8333328,1.3457742,4.1111107,3.3444247
PATH,189.0,184.0,9,0.0,0.11111111,1.666666,0.84327394,2.7777774,2.0073938
PATH,134.0,191.0,9,0.0,0.0,1.3888893,1.3066788,1.4444447,1.0886624
PATH,197.0,182.0,9,0.0,0.0,2.222222,1.2590424,3.444444,2.8258078
PATH,73.0,194.0,9,0.0,0.0,3.222222,2.3349202,4.611112,3.3560352
PATH,52.0,196.0,9,0.0,0.0,1.4444447,1.3277662,6.777777,4.1881666
PATH,188.0,182.0,9,0.0,0.0,1.611112,0.7428682,4.166666,2.1265519
PATH,119.0,192.0,9,0.11111111,0.0,2.4999993,2.0843334,6.1666675,2.3261807
PATH,76.0,200.0,9,0.0,0.0,2.7777786,0.77936363,4.3333325,2.8828998
PATH,114.0,193.0,9,0.0,0.0,3.166666,2.4653153,4.5,2.5011096
PATH,174.0,181.0,9,0.0,0.0,3.2777786,3.1511326,4.1666675,2.786875
PATH,137.0,190.0,9,0.0,0.0,2.055556,0.7428677,2.277778,1.4050181
PATH,166.0,182.0,9,0.0,0.0,3.0555553,4.213295,3.9999993,2.3664315
PATH,202.0,182.0,9,0.0,0.0,2.5555546,1.8579167,3.0,2.0548048
PATH,177.0,181.0,9,0.0,0.0,4.277778,1.7309828,2.555556,1.4857335
PATH,178.0,183.0,9,0.11111111,0.0,2.7222214,2.398302,4.6666665,3.6998506
PATH,234.0,175.0,9,0.0,0.0,1.9444441,1.323576,3.4444454,2.2574966
PATH,156.0,188.0,9,0.0,0.0,4.277778,2.3134086,5.0,3.7475924
PATH,119.0,191.0,9,0.0,0.0,3.11111,2.9489486,5.2222233,3.4297178
PATH,10.0,207.0,9,0.0,0.0,2.61111,1.3066788,3.1111119,3.0086293
PATH,123.0,194.0,9,0.0,0.0,2.555556,1.7847078,9.111109,7.7133846
PATH,130.0,189.0,9,0.11111111,0.0,2.4999993,0.9831926,2.1111114,2.8100357
PATH,64.0,196.0,9,0.0,0.0,2.6666667,2.3758044,3.4444447,2.2770991
PATH,143.0,186.0,9,0.0,0.0,2.3333333,2.3190036,2.7777774,2.5268927
PATH,176.0,187.0,9,0.0,0.0,1.7777773,1.6009252,2.333334,2.0221
PATH,70.0,197.0,9,0.0,0.11111111,2.7222226,2.0156798,5.277778,3.2756114
PATH,48.0,202.0,9,0.0,0.11111111,3.3888886,1.6250362,4.8333325,4.091997
PATH,5.0,210.0,9,0.0,0.11111111,2.1666672,1.6699982,4.444444,2.613356
PATH,53.0,198.0,9,0.0,0.0,1.7222233,1.8549244,5.111111,1.6009259
PATH,223.0,175.0,9,0.0,0.0,3.7777786,3.1245742,7.166668,4.68923
PATH,148.0,192.0,9,0.11111111,0.0,4.0000005,2.1807232,4.944445,3.866763
PATH,249.0,178.0,9,0.0,0.0,2.277778,1.7690756,5.2222214,4.933632
PATH,201.0,183.0,9,0.0,0.0,1.888888,1.9167883,2.333334,1.7888557
PATH,134.0,194.0,9,0.0,0.0,2.6111107,1.218682,5.222222,4.435546
PATH,252.0,176.0,9,0.0,0.11111111,1.8888887,1.1482687,5.0555553,2.855145
PATH,93.0,190.0,9,0.0,0.0,5.5000014,1.8226972,2.6111114,3.234651
PATH,198.0,185.0,9,0.0,0.0,1.3333346,1.2292717,2.5,1.656637
PATH,62.0,200.0,9,0.0,0.0,2.2777774,2.1335068,3.7777793,1.7847085
PATH,96.0,196.0,9,0.0,0.0,3.4999988,1.2605116,7.3888893,3.6782641
PATH,112.0,197.0,9,0.0,0.0,4.2222233,2.9938211,4.9444447,3.1227946
PATH,93.0,190.0,9,0.0,0.0,5.5000014,1.8226972,2.6111114,3.234651
PATH,194.0,183.0,9,0.0,0.0,0.77777797,0.5837306,2.944444,1.625037
PATH,121.0,189.0,9,0.0,0.0,2.277778,2.1951132,4.944445,4.007863
PATH,121.0,192.0,9,0.11111111,0.0,3.3888886,2.059307,5.9444447,2.489237
PATH,249.0,173.0,9,0.11111111,0.0,1.6666654,1.6465437,3.6111107,2.1125717
PATH,62.0,202.0,9,0.0,0.0,2.555556,1.7083669,1.4999994,1.1303879
PATH,99.0,198.0,9,0.0,0.0,5.055554,6.4339952,5.6666665,5.7927146
PATH,68.0,198.0,9,0.0,0.11111111,2.8888886,2.8803296,3.0555553,2.8706684
PATH,116.0,192.0,9,0.11111111,0.0,6.055556,2.8238401,4.3333335,3.062316
PATH,61.0,202.0,9,0.0,0.0,2.2777774,1.8787305,1.8888887,1.0036967
PATH,7.0,203.0,9,0.11111111,0.11111111,3.8888881,2.8570898,5.4444447,2.7460413
PATH,77.0,199.0,9,0.0,0.0,2.666668,1.8618976,4.666666,3.025815
PATH,42.0,201.0,9,0.0,0.0,2.1111107,2.0184336,4.333332,4.7234635
PATH,18.0,209.0,9,0.0,0.11111111,2.6111119,0.7123263,4.555556,2.6722174
PATH,106.0,191.0,9,0.0,0.0,3.166668,3.0313168,2.8333313,2.896358
PATH,73.0,201.0,9,0.0,0.11111111,0.7222226,0.64693,4.444444,2.4555306
PATH,89.0,195.0,9,0.11111111,0.0,2.7222226,1.8668653,3.1666667,1.8226969
PATH,247.0,174.0,9,0.11111111,0.0,3.1111107,2.68052,3.1666667,1.545604
PATH,183.0,182.0,9,0.0,0.0,2.8333328,2.0949671,3.5555553,2.561829
PATH,168.0,187.0,9,0.0,0.0,3.5,2.1679482,2.8333333,1.602082
PATH,105.0,193.0,9,0.0,0.0,3.222222,1.9051597,2.8888893,2.1773255
PATH,129.0,188.0,9,0.0,0.0,3.6666667,2.0110817,4.6111107,2.4075518
PATH,93.0,195.0,9,0.0,0.0,1.833334,1.2064636,4.0555553,2.1230652
PATH,161.0,190.0,9,0.0,0.0,3.7777774,2.0940847,4.5555553,3.7277741
PATH,251.0,173.0,9,0.11111111,0.0,2.1666672,1.8348475,2.3888881,1.2367805
PATH,239.0,174.0,9,0.0,0.0,2.0000007,1.4452988,1.3888887,0.85418344
PATH,56.0,196.0,9,0.0,0.0,2.38889,1.4207458,4.444445,4.3902254
PATH,87.0,196.0,9,0.11111111,0.0,1.3333321,0.8692278,2.222222,1.6688869
PATH,32.0,206.0,9,0.0,0.11111111,2.8333328,1.7732568,5.611111,2.8080564
PATH,42.0,203.0,9,0.0,0.0,0.94444466,0.6469296,6.055556,2.4623086
PATH,139.0,185.0,9,0.0,0.0,1.9999994,0.63245475,1.222222,1.9051588
PATH,104.0,191.0,9,0.0,0.0,3.222222,1.9739053,3.777778,2.9033842
PATH,17.0,204.0,9,0.0,0.0,2.0000007,1.2823583,2.1666667,0.7527733
PATH,162.0,190.0,9,0.0,0.0,3.0555553,1.0628418,6.1111107,5.2182016
PATH,96.0,193.0,9,0.0,0.0,1.3333327,1.115547,1.8333327,1.8469193
PATH,219.0,176.0,9,0.0,0.11111111,2.1111119,1.857917,5.111111,2.8414931
PATH,36.0,207.0,9,0.0,0.0,2.722222,3.1792145,6.444444,2.8021147
PATH,191.0,180.0,9,0.11111111,0.0,3.555556,1.186343,2.222222,1.1088873
PATH,190.0,186.0,9,0.0,0.11111111,2.722222,2.2451591,6.0555553,2.8159592
PATH,85.0,200.0,9,0.0,0.0,4.4999995,4.3243494,6.0555553,4.327775
PATH,134.0,187.0,9,0.0,0.0,1.8888887,1.5153537,2.1111114,1.7847083
PATH,139.0,187.0,9,0.0,0.0,2.055556,1.1238163,1.8333334,1.0697875
PATH,110.0,196.0,9,0.0,0.11111111,3.666666,1.8618978,6.888888,4.8610306
SKY,97.0,63.0,9,0.0,0.0,0.7222214,0.4430521,0.33333206,0.21081766
SKY,188.0,42.0,9,0.0,0.0,0.7777786,0.5443299,1.6666679,1.2649081
SKY,112.0,77.0,9,0.0,0.0,0.94444656,0.57413495,1.1666654,0.80966693
SKY,83.0,28.0,9,0.0,0.0,0.3888893,0.13608134,0.88888675,0.45542085
SKY,121.0,82.0,9,0.0,0.0,0.555556,0.34426636,0.6111107,0.44305366
SKY,142.0,33.0,9,0.0,0.0,0.49999872,0.62360865,0.50000125,0.3496027
SKY,66.0,109.0,9,0.0,0.0,0.83333206,0.80966556,1.0000013,0.8432756
SKY,190.0,45.0,9,0.0,0.0,0.6666667,0.66666645,0.7777786,0.54433
SKY,91.0,54.0,9,0.0,0.0,0.8333333,0.4082483,0.8333346,0.6582833
SKY,53.0,28.0,9,0.0,0.0,0.44444403,0.40368605,1.7777786,0.86066204
SKY,77.0,36.0,9,0.0,0.0,0.555556,0.17213687,1.0555559,0.6469302
SKY,88.0,91.0,9,0.0,0.0,1.0555559,0.8277575,0.7222214,0.77220345
SKY,235.0,46.0,9,0.0,0.0,1.1666654,0.62360954,1.3333321,0.59628177
SKY,192.0,51.0,9,0.0,0.0,0.72222394,0.3896827,0.94444275,0.77220273
SKY,152.0,18.0,9,0.0,0.0,0.7777774,0.4554219,0.55555725,0.2721644
SKY,83.0,54.0,9,0.0,0.0,0.77777606,0.72008145,0.6666667,0.55777204
SKY,115.0,81.0,9,0.0,0.0,0.72222394,0.64693224,0.72222394,0.38968277
SKY,35.0,67.0,9,0.11111111,0.0,2.6666653,1.1352928,3.833332,1.9407902
SKY,178.0,16.0,9,0.0,0.0,0.3333346,0.298143,1.4999987,1.2064619
SKY,92.0,104.0,9,0.0,0.0,1.7222227,1.4363024,1.8333346,1.3784055
SKY,66.0,41.0,9,0.0,0.0,0.61111194,0.32773077,0.38889185,0.32773316
SKY,37.0,61.0,9,0.0,0.0,0.6111107,0.49065334,0.555556,0.27216396
SKY,53.0,78.0,9,0.11111111,0.0,1.2222252,1.0255988,2.6666653,2.2900763
SKY,222.0,38.0,9,0.11111111,0.0,0.555556,0.40368736,2.1111107,0.6885298
SKY,160.0,30.0,9,0.0,0.0,0.22222137,0.27216452,0.61110944,0.6116157
SKY,155.0,20.0,9,0.0,0.0,0.61111194,0.32772934,0.61111194,0.32772934
SKY,230.0,12.0,9,0.0,0.0,0.88888806,0.27216384,1.611112,0.97562623
SKY,175.0,14.0,9,0.0,0.0,0.88888806,0.80737144,1.2222227,0.77936065
SKY,79.0,58.0,9,0.0,0.0,1.0555559,0.5340274,1.0555586,0.68041354
SKY,84.0,86.0,9,0.0,0.0,0.8333346,0.6912141,1.1666692,0.69121444
SKY,220.0,39.0,9,0.11111111,0.0,0.66666794,0.73029673,1.3333334,1.3333335
SKY,58.0,25.0,9,0.0,0.0,0.7777799,0.50184816,0.3888893,0.3277306
SKY,19.0,28.0,9,0.0,0.0,1.1666666,1.2780217,1.111112,1.186343
SKY,185.0,35.0,9,0.0,0.0,1.3888868,1.0417228,1.1666654,0.80966425
SKY,253.0,32.0,9,0.0,0.0,0.49999872,0.58689225,1.3333296,0.5577723
SKY,171.0,15.0,9,0.0,0.0,0.66666794,0.55777216,0.66666794,0.6992054
SKY,238.0,55.0,9,0.0,0.0,0.72222394,0.4906515,1.0,0.557774
SKY,231.0,13.0,9,0.0,0.0,1.2777761,0.57413495,1.0,1.0540915
SKY,238.0,25.0,9,0.0,0.0,0.38888678,0.25092345,0.94444656,0.8277594
SKY,112.0,30.0,9,0.0,0.0,0.55555725,0.2721644,1.2222227,0.7200825
SKY,80.0,40.0,9,0.0,0.0,0.6111107,0.5741323,0.7222226,0.7722025
SKY,220.0,36.0,9,0.0,0.0,0.94444275,0.8004619,1.0555559,0.85418165
SKY,67.0,40.0,9,0.0,0.0,0.6666654,0.51639676,0.6666667,0.699204
SKY,116.0,54.0,9,0.0,0.0,0.61111194,0.44305393,1.7222227,0.9289577
SKY,123.0,68.0,9,0.0,0.0,0.944444,0.5741346,0.72222394,0.57413423
SKY,11.0,50.0,9,0.11111111,0.0,1.7777773,1.0036945,1.111112,0.9108403
SKY,103.0,64.0,9,0.0,0.0,0.6666667,0.6992054,1.3333308,0.91893595
SKY,76.0,19.0,9,0.0,0.0,0.944444,0.4430521,0.88888806,0.5837302
SKY,213.0,14.0,9,0.0,0.0,1.0555559,0.57413363,1.6666692,1.3333321
SKY,134.0,29.0,9,0.0,0.0,0.7777774,0.40368682,0.44444275,0.40368643
SKY,78.0,30.0,9,0.0,0.0,0.6666667,0.66666555,0.944444,0.7722014
SKY,232.0,31.0,9,0.0,0.0,0.5555547,0.34426576,0.7777774,0.34426582
SKY,57.0,89.0,9,0.11111111,0.0,0.5555547,0.27216887,1.2777786,0.77220285
SKY,112.0,18.0,9,0.0,0.0,0.8333333,0.6912159,0.5,0.27888793
SKY,162.0,14.0,9,0.0,0.0,0.9444453,0.5340297,0.61111325,0.7123269
SKY,104.0,41.0,9,0.0,0.0,0.3888893,0.32773066,0.8333333,0.58689624
SKY,179.0,63.0,9,0.0,0.0,0.99999744,0.51639783,6.222223,5.6751566
SKY,62.0,26.0,9,0.0,0.0,0.7777774,0.27216512,0.44444403,0.40368605
SKY,207.0,58.0,9,0.0,0.0,0.7777774,0.34426582,0.88888806,0.58372843
SKY,174.0,50.0,9,0.0,0.0,1.0000013,0.7601153,0.9444453,0.9525792
SKY,44.0,79.0,9,0.0,0.0,0.44444403,0.34426486,0.7777786,0.4036864
SKY,81.0,67.0,9,0.0,0.0,0.83333206,0.45947185,0.8888893,0.5837296
SKY,234.0,27.0,9,0.11111111,0.0,0.8333346,0.6236087,2.0555573,1.3567389
SKY,143.0,20.0,9,0.0,0.0,1.1111158,0.7503102,1.2777799,0.92895854
SKY,102.0,30.0,9,0.0,0.0,0.94444656,0.8798158,0.6111107,0.7722024
SKY,108.0,75.0,9,0.11111111,0.0,0.6666667,0.47140282,11.111111,10.014803
SKY,116.0,35.0,9,0.0,0.0,0.8333333,0.7817351,0.88888806,0.5443334
SKY,207.0,58.0,9,0.0,0.0,0.8333308,0.45946908,1.0000013,0.4216377
SKY,73.0,31.0,9,0.0,0.0,0.555556,0.4554202,0.8888893,0.34426534
SKY,38.0,71.0,9,0.0,0.0,0.7222214,0.49065483,0.88888806,0.72008145
SKY,224.0,34.0,9,0.0,0.0,1.3333321,0.9660913,1.0000013,0.63245475
SKY,134.0,54.0,9,0.0,0.0,0.61111194,0.64693147,1.2222214,1.0036972
SKY,49.0,40.0,9,0.0,0.0,0.99999875,0.42163533,0.8333333,0.72265035
SKY,37.0,25.0,9,0.0,0.0,1.3333321,0.73029673,0.9999962,0.76011676
SKY,228.0,20.0,9,0.0,0.0,1.0555547,0.49065518,0.8333333,0.7527733
SKY,16.0,51.0,9,0.0,0.0,0.7222226,0.44305405,0.8333346,0.7226493
SKY,189.0,39.0,9,0.0,0.0,1.0555547,0.57413566,0.77777606,0.58372843
SKY,120.0,51.0,9,0.0,0.0,1.0555547,0.7123238,2.0555534,0.742867
SKY,138.0,21.0,9,0.0,0.0,0.6666654,0.76011735,1.0,0.5163958
SKY,44.0,33.0,9,0.0,0.0,1.1666641,0.9368973,1.0555534,0.8541826
SKY,70.0,44.0,9,0.0,0.11111111,2.444444,2.0940828,2.3333333,2.139576
SKY,97.0,21.0,9,0.0,0.0,0.944444,0.6116148,1.3333321,0.8692265
SKY,1.0,45.0,9,0.0,0.0,0.88889056,0.45542085,1.1111132,0.45541877
SKY,247.0,50.0,9,0.0,0.0,0.44444275,0.27216637,0.7777786,0.34426397
SKY,8.0,21.0,9,0.11111111,0.0,0.61111194,0.44305393,2.055556,1.2186847
SKY,202.0,41.0,9,0.0,0.0,0.9444478,0.7722018,1.111112,1.0255967
SKY,83.0,53.0,9,0.0,0.0,0.5555547,0.4554187,0.7222226,0.4906516
SKY,159.0,40.0,9,0.0,0.0,0.8888893,0.6206305,0.555556,0.17213097
SKY,126.0,20.0,9,0.0,0.0,0.99999744,1.1925684,1.1666654,1.1498771
SKY,174.0,59.0,9,0.0,0.0,0.8333346,0.34960264,1.3333334,0.8165003
SKY,197.0,58.0,9,0.0,0.0,0.8333346,0.62360954,1.4444441,1.0036969
SKY,128.0,15.0,9,0.0,0.0,0.7777799,0.27216768,0.555556,0.6206318
SKY,125.0,46.0,9,0.11111111,0.0,0.61110944,0.61161584,2.166668,0.7817352
SKY,143.0,34.0,9,0.0,0.0,1.0555547,0.9289564,1.388888,0.8798136
SKY,67.0,32.0,9,0.0,0.0,0.944444,1.0628421,1.7777786,1.3109215
SKY,40.0,57.0,9,0.0,0.0,1.1666654,0.72265136,1.3888906,0.8004639
SKY,221.0,50.0,9,0.0,0.0,0.44444528,0.5443321,1.4444441,0.6885326
SKY,92.0,44.0,9,0.11111111,0.0,0.7222226,0.5741352,1.1666654,1.048809
SKY,217.0,23.0,9,0.0,0.0,1.0555547,0.61161584,1.1666654,0.54772294
SKY,105.0,65.0,9,0.0,0.0,0.94444275,0.61161804,1.5000013,1.224745
SKY,50.0,50.0,9,0.0,0.0,0.7777774,0.6554623,0.7777799,0.50185025
SKY,91.0,19.0,9,0.0,0.0,1.0000013,0.760118,1.4444466,0.7793644
SKY,145.0,33.0,9,0.0,0.0,0.8888893,0.27216268,0.88888806,0.6206336
SKY,127.0,57.0,9,0.11111111,0.0,0.944444,0.7123264,1.611112,1.1038661
SKY,138.0,49.0,9,0.0,0.0,1.0555573,0.9289595,1.7777799,1.0680549
SKY,245.0,23.0,9,0.0,0.0,0.6666667,0.36514837,1.1666654,1.224743
SKY,216.0,17.0,9,0.0,0.0,0.6666654,0.51639974,1.2777786,1.0201668
SKY,230.0,41.0,9,0.0,0.0,0.88889056,0.6885295,1.8888893,1.2412663
SKY,58.0,58.0,9,0.0,0.0,0.555556,0.40368605,0.88889056,0.8606633
SKY,238.0,59.0,9,0.0,0.0,0.8333346,0.45946616,1.0555559,0.68041223
SKY,17.0,18.0,9,0.0,0.0,1.2222214,1.2938598,1.2777773,1.2546203
SKY,92.0,62.0,9,0.0,0.0,1.8888868,1.3109239,1.8888868,0.72008234
SKY,82.0,51.0,9,0.0,0.0,0.6111107,0.44305146,0.6111107,0.74286705
SKY,206.0,30.0,9,0.0,0.0,0.7777774,0.50184685,0.83333206,0.54772305
SKY,107.0,21.0,9,0.0,0.0,0.66666156,0.51639783,1.1666666,0.4082483
SKY,118.0,38.0,9,0.0,0.0,0.7777774,0.58372986,0.88888806,1.0680552
SKY,186.0,28.0,9,0.0,0.0,0.94444275,0.38968328,1.4444414,1.29386
SKY,73.0,19.0,9,0.0,0.0,0.9444453,0.38968116,0.94444275,0.68041587
SKY,183.0,78.0,9,0.0,0.0,1.0555573,0.32963154,0.7777786,1.2740806
SKY,181.0,27.0,9,0.0,0.0,0.7222214,0.46296388,0.5,0.25555483
SKY,236.0,42.0,9,0.0,0.0,0.72222394,0.46296337,1.3888906,1.4407468
SKY,254.0,57.0,9,0.0,0.0,0.9444402,0.7740701,1.3888906,1.0407445
SKY,18.0,13.0,9,0.0,0.0,0.88889056,0.20740725,1.1111145,0.16296056
SKY,189.0,107.0,9,0.0,0.0,1.0,1.2888924,1.0555547,0.418522
SKY,98.0,41.0,9,0.0,0.0,1.7222265,0.77407277,1.1111145,0.87406844
SKY,222.0,54.0,9,0.0,0.0,1.1666718,0.16666654,1.0,0.84444314
SKY,181.0,87.0,9,0.0,0.0,1.2222239,0.4740691,0.7777786,0.20740585
SKY,155.0,27.0,9,0.0,0.0,1.0555573,0.24073716,1.4444453,0.25185013
SKY,7.0,18.0,9,0.0,0.0,1.2777786,0.7296265,0.9444453,0.37407914
SKY,173.0,113.0,9,0.0,0.0,0.5,0.3,1.3333334,1.0666667
SKY,139.0,16.0,9,0.0,0.0,0.6666667,0.35555902,0.9444478,0.06296336
SKY,206.0,26.0,9,0.0,0.0,1.2222189,1.496289,1.8888855,1.4074122
SKY,64.0,19.0,9,0.0,0.0,0.9444453,0.15185343,1.6666718,0.31110966
SKY,243.0,48.0,9,0.0,0.0,1.2222239,0.20740649,1.2777811,1.2629704
SKY,156.0,32.0,9,0.0,0.0,0.77777356,0.16296418,2.6111095,1.0407379
SKY,184.0,15.0,9,0.0,0.0,0.44444528,0.25185028,0.77777356,0.11851902
SKY,245.0,18.0,9,0.0,0.0,1.0,1.0222217,1.1666692,0.21111068
SKY,191.0,47.0,9,0.0,0.0,0.44444528,0.38518775,1.1111094,0.38518983
SKY,180.0,97.0,9,0.0,0.0,0.94444275,0.32963142,1.0,0.6666667
SKY,122.0,11.0,9,0.0,0.0,1.0,0.31111577,2.8888905,5.051852
SKY,145.0,34.0,9,0.11111111,0.0,0.55555725,0.34074122,1.8888906,1.1407446
SKY,193.0,35.0,9,0.0,0.0,0.27777863,0.28518325,0.7222214,0.28518334
SKY,181.0,15.0,9,0.0,0.0,0.8333359,0.21111082,1.4444427,1.2296315
SKY,235.0,22.0,9,0.0,0.0,1.1666666,0.3888822,1.0,0.48888424
SKY,240.0,26.0,9,0.0,0.0,1.2222239,1.0074004,0.88888806,0.20741068
SKY,172.0,31.0,9,0.0,0.0,0.7222214,0.4185166,0.6666641,0.7111098
SKY,209.0,11.0,9,0.0,0.0,0.8333333,0.25555903,2.1666667,3.8555522
SKY,179.0,101.0,9,0.0,0.0,0.44444785,0.3851871,0.61110944,0.32963282
SKY,174.0,77.0,9,0.0,0.0,1.0000025,0.31110775,1.2777761,1.3518436
SKY,181.0,115.0,9,0.0,0.0,0.22222392,0.029630082,1.4444453,1.2296361
SKY,194.0,57.0,9,0.0,0.0,0.61110944,0.41851488,1.1666666,0.38889033
SKY,72.0,31.0,9,0.0,0.0,1.1111094,1.4962956,1.3333334,0.7111079
SKY,63.0,13.0,9,0.0,0.0,1.1666666,1.011116,0.9444453,0.68518674
SKY,252.0,27.0,9,0.0,0.0,1.2777761,0.59629273,0.99999744,0.5777743
SKY,101.0,42.0,9,0.0,0.0,1.1111145,0.60740787,1.1666692,0.7444422
SKY,245.0,47.0,9,0.0,0.0,0.8333308,0.12222265,0.99999744,0.48888817
SKY,248.0,53.0,9,0.0,0.0,0.722229,0.2851884,0.8333333,0.70000815
SKY,252.0,36.0,9,0.0,0.0,0.94444275,0.19630012,1.0,0.22221552
SKY,186.0,46.0,9,0.0,0.0,0.6666641,0.39999592,1.0555598,0.8629481
SKY,243.0,41.0,9,0.0,0.0,1.0,0.35555902,0.27777863,0.15185194
SKY,94.0,13.0,9,0.0,0.0,1.0555521,0.50740635,1.6666641,1.2444407
SKY,225.0,22.0,9,0.0,0.0,0.8333333,0.25555903,0.7222214,0.1074089
SKY,108.0,59.0,9,0.0,0.0,0.50000125,0.16666718,1.0555559,0.2851855
SKY,69.0,17.0,9,0.0,0.0,0.61111194,0.10740544,0.6666667,0.3111077
SKY,29.0,52.0,9,0.0,0.0,0.3888893,0.01851813,1.3333334,0.17777863
SKY,157.0,57.0,9,0.0,0.0,1.2222201,0.47407314,1.2222201,0.8296261
SKY,199.0,66.0,9,0.0,0.0,1.2777786,1.5740702,1.4444427,2.8740733
SKY,141.0,31.0,9,0.0,0.0,1.4444441,0.3851827,1.2222227,1.1851845
SKY,63.0,13.0,9,0.0,0.0,0.6111145,0.19629402,1.1666666,1.011112
SKY,124.0,29.0,9,0.0,0.0,1.0000013,0.7111076,1.0555534,0.90741664
SKY,166.0,55.0,9,0.0,0.0,1.388888,0.8185244,1.1666679,0.70000154
SKY,84.0,40.0,9,0.0,0.0,1.1666641,0.16666654,1.2222214,2.1185126
SKY,231.0,49.0,9,0.0,0.0,0.555556,0.38518602,0.6666692,0.26666775
SKY,163.0,43.0,9,0.0,0.0,0.8333346,0.43333283,0.8333346,0.6111112
SKY,172.0,60.0,9,0.0,0.0,0.8333333,0.38888627,1.0555559,0.32962748
SKY,9.0,72.0,9,0.0,0.0,0.7777774,0.562961,1.4999987,0.7444466
SKY,75.0,49.0,9,0.0,0.0,0.8333359,0.3888883,1.1666679,0.70000154
SKY,192.0,40.0,9,0.0,0.0,1.2222214,0.20740789,1.3333321,0.4888911
SKY,201.0,40.0,9,0.0,0.0,1.0555559,0.59629506,1.4999987,1.5444428
SKY,239.0,32.0,9,0.0,0.0,0.7777786,0.20740789,1.5000013,1.1888878
SKY,131.0,15.0,9,0.11111111,0.0,0.88889056,1.0518463,1.888888,2.162973
SKY,96.0,13.0,9,0.0,0.0,0.8333308,0.47777966,0.55555725,0.20740579
SKY,178.0,43.0,9,0.0,0.0,1.1666654,1.1000005,1.1111107,0.7407369
SKY,92.0,56.0,9,0.0,0.0,0.44444275,0.029629406,0.8333333,0.5666677
SKY,115.0,75.0,9,0.0,0.0,0.9444453,0.774077,1.0555586,0.59629595
SKY,105.0,62.0,9,0.0,0.0,0.8333346,0.16666616,1.1666679,0.83333385
SKY,115.0,39.0,9,0.0,0.0,0.7222226,0.06296253,1.2222176,0.47407454
SKY,93.0,46.0,9,0.0,0.0,2.1111119,1.6296306,1.7777786,1.8074079
SKY,143.0,24.0,9,0.0,0.0,1.2777773,0.9074056,0.88888806,1.1407489
SKY,140.0,25.0,9,0.0,0.0,0.99999875,1.4666697,1.1111107,0.118517555
SKY,67.0,71.0,9,0.0,0.0,1.6666666,0.8888911,1.4999987,0.29999846
SKY,205.0,47.0,9,0.0,0.0,1.2222227,0.6074092,1.5555573,0.8296282
SKY,251.0,24.0,9,0.0,0.0,1.1666666,0.9666646,1.6111094,0.41851908
SKY,212.0,48.0,9,0.0,0.0,0.5555547,0.25185233,0.5555547,0.07407382
SKY,224.0,63.0,9,0.0,0.0,0.77777606,0.29629365,0.66666794,0.17777742
SKY,92.0,68.0,9,0.0,0.0,1.0555573,0.15185204,0.7777786,0.6518519
SKY,147.0,51.0,9,0.11111111,0.0,1.1666654,1.0999951,1.4999975,1.9444356
SKY,121.0,62.0,9,0.0,0.0,0.555556,0.20740756,1.111112,0.5629625
SKY,3.0,21.0,9,0.0,0.0,0.44444528,0.6074073,1.2222214,0.11851781
SKY,36.0,21.0,9,0.0,0.0,0.99999744,0.7999939,1.3333334,0.48888856
WINDOW,187.0,36.0,9,0.0,0.0,0.38888884,0.2509243,0.4999999,0.2788868
WINDOW,225.0,36.0,9,0.0,0.0,0.44444457,0.27216554,0.38888893,0.3277307
WINDOW,222.0,145.0,9,0.0,0.0,0.0,0.0,0.0,0.0
WINDOW,242.0,148.0,9,0.0,0.0,0.0,0.0,0.0,0.0
WINDOW,125.0,149.0,9,0.0,0.0,0.0,0.0,0.0,0.0
WINDOW,200.0,31.0,9,0.0,0.0,2.111111,1.223232,5.055555,2.678447
WINDOW,221.0,30.0,9,0.0,0.0,1.0555556,0.8541837,1.6666666,1.6329935
WINDOW,240.0,63.0,9,0.0,0.0,0.55555564,0.5443313,0.38888916,0.38968176
WINDOW,137.0,141.0,9,0.0,0.0,0.055555563,0.13608278,0.055555556,0.13608277
WINDOW,189.0,68.0,9,0.0,0.0,1.1111113,0.58373,1.0555557,0.5340273
WINDOW,222.0,62.0,9,0.0,0.0,0.27777782,0.2509242,0.6666667,0.55777335
WINDOW,128.0,144.0,9,0.0,0.0,0.0,0.0,0.0,0.0
WINDOW,186.0,90.0,9,0.0,0.0,4.444444,1.455513,0.6666667,0.4714045
WINDOW,184.0,145.0,9,0.0,0.0,0.72222227,0.6116159,0.22222222,0.2721655
WINDOW,206.0,12.0,9,0.0,0.0,2.6111112,1.4819909,4.5,3.3582406
WINDOW,202.0,63.0,9,0.0,0.0,0.38888907,0.3277309,0.44444466,0.27216563
WINDOW,196.0,95.0,9,0.0,0.0,1.722222,1.1238165,1.3333335,1.264911
WINDOW,200.0,13.0,9,0.0,0.0,1.7777777,1.8579161,0.27777767,0.25092423
WINDOW,223.0,150.0,9,0.0,0.0,0.0,0.0,0.0,0.0
WINDOW,201.0,34.0,9,0.0,0.0,4.277778,3.05808,0.44444466,0.4036869
WINDOW,231.0,91.0,9,0.0,0.0,0.4999999,0.27888656,0.5555554,0.17213255
WINDOW,171.0,89.0,9,0.0,0.0,0.0,0.0,0.0,0.0
WINDOW,200.0,147.0,9,0.0,0.0,0.22222222,0.5443311,0.4444445,0.68853045
WINDOW,174.0,152.0,9,0.0,0.0,0.0,0.0,0.0,0.0
WINDOW,208.0,34.0,9,0.0,0.0,1.7222224,1.7309811,0.4444445,0.50184834
WINDOW,218.0,147.0,9,0.0,0.0,0.0,0.0,0.0,0.0
WINDOW,187.0,86.0,9,0.0,0.0,1.0555556,1.0628402,3.0555553,2.5422366
WINDOW,253.0,150.0,9,0.0,0.0,0.0,0.0,0.0,0.0
WINDOW,170.0,143.0,9,0.0,0.0,0.0,0.0,0.0,0.0
WINDOW,156.0,154.0,9,0.0,0.0,0.2777778,0.3277307,0.77777773,0.544331
WINDOW,177.0,33.0,9,0.0,0.0,1.6666666,1.577621,4.3333335,2.9739609
WINDOW,249.0,58.0,9,0.0,0.0,1.3333334,0.9428091,0.27777767,0.3277306
WINDOW,182.0,39.0,9,0.0,0.0,5.5000005,5.737789,0.611111,0.8798151
WINDOW,155.0,40.0,9,0.0,0.0,1.888889,2.072751,0.05555554,0.13608274
WINDOW,220.0,61.0,9,0.0,0.0,0.27777776,0.13608277,0.5555556,0.27216548
WINDOW,206.0,64.0,9,0.0,0.0,0.055555504,0.13608263,0.27777776,0.13608277
WINDOW,160.0,95.0,9,0.0,0.0,3.2222223,3.544427,0.22222225,0.4036867
WINDOW,206.0,61.0,9,0.0,0.0,0.5555555,0.40368673,0.4999999,0.45946813
WINDOW,180.0,142.0,9,0.0,0.0,0.16666669,0.2788867,0.11111111,0.17213261
WINDOW,158.0,154.0,9,0.0,0.0,0.9444444,1.0835471,0.2222222,0.40368667
WINDOW,231.0,30.0,9,0.0,0.11111111,0.72222215,0.7123252,2.9999998,2.7968237
WINDOW,242.0,65.0,9,0.0,0.0,0.5555553,0.27216578,1.0,0.42163682
WINDOW,161.0,89.0,9,0.0,0.0,4.6666665,5.1164227,0.16666682,0.27888685
WINDOW,242.0,148.0,9,0.0,0.0,0.0,0.0,0.0,0.0
WINDOW,138.0,144.0,9,0.0,0.0,0.8888889,0.86066306,0.2777778,0.53402734
WINDOW,226.0,90.0,9,0.0,0.0,0.77777773,0.62063277,0.38888884,0.2509243
WINDOW,119.0,153.0,9,0.0,0.0,5.0555553,5.539421,0.055555504,0.13608263
WINDOW,197.0,144.0,9,0.0,0.0,0.9444444,0.7123252,0.38888887,0.49065337
WINDOW,130.0,145.0,9,0.0,0.0,0.0,0.0,0.0,0.0
WINDOW,187.0,89.0,9,0.0,0.0,3.0,1.6055458,1.111111,1.0680547
WINDOW,178.0,35.0,9,0.0,0.0,0.4444445,0.34426528,0.3888887,0.25092396
WINDOW,173.0,93.0,9,0.0,0.0,0.0,0.0,0.0,0.0
WINDOW,223.0,62.0,9,0.0,0.0,0.3333334,0.29814243,0.44444442,0.50184846
WINDOW,168.0,40.0,9,0.0,0.0,0.0,0.0,0.0,0.0
WINDOW,161.0,144.0,9,0.0,0.0,0.0,0.0,0.0,0.0
WINDOW,225.0,90.0,9,0.0,0.0,0.38888893,0.2509241,0.55555564,0.45542005
WINDOW,189.0,141.0,9,0.0,0.0,0.0,0.0,0.0,0.0
WINDOW,134.0,148.0,9,0.0,0.0,0.11111113,0.17213261,0.055555556,0.13608277
WINDOW,166.0,36.0,9,0.0,0.0,0.0,0.0,0.0,0.0
WINDOW,241.0,145.0,9,0.0,0.0,0.0,0.0,0.0,0.0
WINDOW,203.0,61.0,9,0.0,0.0,0.16666675,0.2788868,0.7222221,0.44305354
WINDOW,232.0,149.0,9,0.0,0.0,0.0,0.0,0.0,0.0
WINDOW,182.0,152.0,9,0.0,0.0,0.77777785,0.98130673,0.8333333,1.0903618
WINDOW,216.0,151.0,9,0.0,0.0,0.16666667,0.2788867,0.11111113,0.17213261
WINDOW,220.0,149.0,9,0.0,0.0,0.11111113,0.17213261,0.11111113,0.17213261
WINDOW,163.0,152.0,9,0.0,0.0,0.0,0.0,0.0,0.0
WINDOW,131.0,144.0,9,0.0,0.0,0.0,0.0,0.0,0.0
WINDOW,180.0,141.0,9,0.0,0.0,0.055555563,0.13608278,0.055555556,0.13608277
WINDOW,225.0,58.0,9,0.0,0.0,0.3333335,0.42163706,0.4444445,0.34426522
WINDOW,170.0,154.0,9,0.0,0.0,0.11111111,0.17213261,0.055555556,0.13608277
WINDOW,238.0,61.0,9,0.0,0.0,0.66666657,0.4714045,0.7222221,0.49065334
WINDOW,189.0,62.0,9,0.0,0.0,0.38888893,0.2509241,0.44444442,0.3442651
WINDOW,242.0,57.0,9,0.0,0.11111111,2.444444,2.3538773,9.277778,2.7601657
WINDOW,226.0,144.0,9,0.0,0.0,0.0,0.0,0.0,0.0
WINDOW,199.0,144.0,9,0.0,0.0,0.33333334,0.5163977,0.33333334,0.36514834
WINDOW,170.0,62.0,9,0.0,0.0,0.0,0.0,0.0,0.0
WINDOW,123.0,152.0,9,0.0,0.0,0.0,0.0,0.0,0.0
WINDOW,161.0,154.0,9,0.0,0.0,0.0,0.0,0.0,0.0
WINDOW,161.0,147.0,9,0.0,0.0,0.0,0.0,0.0,0.0
WINDOW,245.0,140.0,9,0.0,0.0,0.16666666,0.27888668,0.6111111,0.7428674
WINDOW,218.0,64.0,9,0.0,0.0,1.5000004,1.1303884,1.8333334,1.9635572
WINDOW,174.0,145.0,9,0.0,0.0,0.0,0.0,0.0,0.0
WINDOW,214.0,143.0,9,0.0,0.0,0.11111113,0.17213261,0.44444442,0.17213264
WINDOW,186.0,12.0,9,0.0,0.0,0.44444433,0.27216548,2.3333333,1.9663839
WINDOW,188.0,88.0,9,0.0,0.0,0.6666667,0.4714045,0.33333325,0.29814243
WINDOW,183.0,91.0,9,0.0,0.0,2.666667,0.8944272,0.49999985,0.54772246
WINDOW,155.0,68.0,9,0.0,0.0,3.4444447,3.786917,0.16666667,0.27888665
WINDOW,160.0,41.0,9,0.0,0.0,0.8333333,0.8096638,0.22222225,0.17213258
WINDOW,189.0,142.0,9,0.0,0.0,0.0,0.0,0.0,0.0
WINDOW,133.0,141.0,9,0.0,0.0,0.11111111,0.17213261,0.11111113,0.1721326
WINDOW,173.0,152.0,9,0.0,0.0,0.0,0.0,0.0,0.0
WINDOW,189.0,144.0,9,0.0,0.0,0.0,0.0,0.0,0.0
WINDOW,198.0,148.0,9,0.11111111,0.0,1.6666666,0.84327394,1.111111,0.98130697
WINDOW,236.0,38.0,9,0.11111111,0.0,1.3333334,1.4907119,2.9444447,2.2941144
WINDOW,173.0,67.0,9,0.0,0.0,1.1111112,1.2412658,0.22222225,0.34426522
WINDOW,210.0,153.0,9,0.0,0.0,0.0,0.0,0.0,0.0
WINDOW,185.0,84.0,9,0.0,0.0,0.61111134,0.49065334,0.49999937,0.4594679
WINDOW,160.0,110.0,9,0.0,0.0,0.833333,0.6912145,0.4444437,0.2721654
WINDOW,183.0,139.0,9,0.0,0.0,0.16666667,0.18257418,0.22222221,0.27216554
WINDOW,159.0,105.0,9,0.0,0.0,0.55555564,0.5018486,4.0,1.8257413
WINDOW,215.0,89.0,9,0.22222222,0.0,1.888889,1.5869839,2.3333328,1.7256241
WINDOW,172.0,140.0,9,0.0,0.0,3.0,0.42163622,0.6666666,0.42163697
WINDOW,202.0,129.0,9,0.0,0.0,0.22222225,0.54433113,3.4444447,3.804481
WINDOW,244.0,108.0,9,0.0,0.0,6.5,5.1022863,1.7222223,0.827759
WINDOW,227.0,109.0,9,0.0,0.0,1.1666666,0.98319155,0.3888893,0.38968188
WINDOW,170.0,88.0,9,0.0,0.0,0.72222203,0.3896814,0.8333333,0.4594679
WINDOW,170.0,113.0,9,0.0,0.0,2.833333,0.62360847,1.222222,0.68853045
WINDOW,244.0,105.0,9,0.0,0.0,5.9444447,4.9234886,1.4999996,0.80966365
WINDOW,142.0,112.0,9,0.0,0.0,1.0555557,0.49065286,0.55555534,0.34426492
WINDOW,161.0,138.0,9,0.0,0.0,0.22222221,0.17213258,0.22222222,0.2721655
WINDOW,159.0,116.0,9,0.11111111,0.0,0.4444437,0.34426528,2.0555553,1.1038655
WINDOW,214.0,108.0,9,0.0,0.0,0.6666667,0.365148,0.6666667,0.29814258
WINDOW,184.0,145.0,9,0.0,0.0,0.9444445,0.49065363,1.7777778,0.93491936
WINDOW,163.0,133.0,9,0.0,0.0,0.111111104,0.17213258,0.2222222,0.2721655
WINDOW,214.0,84.0,9,0.0,0.0,0.22222202,0.27216527,0.44444466,0.34426498
WINDOW,205.0,106.0,9,0.0,0.0,0.7777777,0.4554203,0.3888893,0.1360822
WINDOW,143.0,114.0,9,0.0,0.0,1.5,0.80966365,0.3888887,0.389682
WINDOW,189.0,107.0,9,0.0,0.0,2.6666667,0.69920635,0.8333333,0.7226496
WINDOW,177.0,130.0,9,0.0,0.0,0.055555552,0.13608275,0.22222225,0.27216554
WINDOW,218.0,115.0,9,0.0,0.0,0.944444,0.5340271,0.38888898,0.38968194
WINDOW,178.0,138.0,9,0.0,0.0,0.11111108,0.17213255,0.05555554,0.13608274
WINDOW,139.0,113.0,9,0.0,0.0,0.94444436,0.9756285,0.666667,0.42163637
WINDOW,139.0,109.0,9,0.0,0.0,0.88888866,0.8344436,0.277778,0.38968176
WINDOW,227.0,104.0,9,0.0,0.11111111,0.49999985,0.5477228,3.1111107,2.1046689
WINDOW,206.0,133.0,9,0.0,0.0,0.055555556,0.13608277,0.055555556,0.13608277
WINDOW,178.0,134.0,9,0.0,0.0,0.11111108,0.17213255,0.22222222,0.2721655
WINDOW,233.0,105.0,9,0.0,0.0,6.277777,2.313408,0.9444445,0.742867
WINDOW,156.0,86.0,9,0.0,0.0,2.2777777,0.38968182,0.27777767,0.250924
WINDOW,143.0,89.0,9,0.0,0.0,2.6666665,2.1908906,0.33333316,0.0
WINDOW,213.0,86.0,9,0.0,0.0,0.833333,0.18257454,0.3888887,0.3277307
WINDOW,156.0,79.0,9,0.0,0.11111111,1.9444443,2.4532669,4.7777777,3.4875438
WINDOW,157.0,85.0,9,0.0,0.0,1.2222223,1.2412657,0.22222233,0.17213264
WINDOW,204.0,131.0,9,0.0,0.0,0.11111111,0.17213261,0.11111111,0.17213261
WINDOW,159.0,83.0,9,0.0,0.0,0.3888887,0.25092387,0.27777734,0.2509239
WINDOW,219.0,80.0,9,0.0,0.0,2.0555556,2.9014688,2.9444444,1.0835476
WINDOW,203.0,133.0,9,0.0,0.0,0.055555556,0.13608277,0.055555556,0.13608277
WINDOW,163.0,131.0,9,0.0,0.0,0.16666669,0.18257421,0.27777776,0.25092423
WINDOW,202.0,140.0,9,0.0,0.0,0.72222215,0.49065349,0.44444445,0.34426528
WINDOW,222.0,131.0,9,0.0,0.0,0.0,0.0,0.0,0.0
WINDOW,217.0,80.0,9,0.0,0.0,0.5555555,0.5837303,2.7777777,0.72008204
WINDOW,252.0,137.0,9,0.0,0.0,0.88888884,0.544331,0.6111111,0.71232533
WINDOW,230.0,113.0,9,0.0,0.0,1.111111,0.5018487,0.555556,0.54433125
WINDOW,205.0,82.0,9,0.0,0.0,1.222222,1.1482675,2.5,2.1679482
WINDOW,212.0,140.0,9,0.0,0.0,3.8333333,4.204495,0.66666657,0.6666667
WINDOW,244.0,82.0,9,0.0,0.0,0.611111,1.0201671,2.722222,2.5334797
WINDOW,211.0,130.0,9,0.0,0.0,0.0,0.0,0.0,0.0
WINDOW,203.0,83.0,9,0.0,0.0,0.3888893,0.1360832,0.22222233,0.40368673
WINDOW,169.0,104.0,9,0.0,0.0,1.5555555,1.7722139,5.611111,2.2550344
WINDOW,142.0,111.0,9,0.0,0.0,1.1111113,0.45541987,0.55555534,0.34426492
WINDOW,166.0,135.0,9,0.0,0.0,0.44444442,0.2721655,0.22222221,0.4036867
WINDOW,226.0,131.0,9,0.0,0.0,0.0,0.0,0.0,0.0
WINDOW,229.0,104.0,9,0.0,0.0,0.49999985,0.54772234,2.8333333,2.0412421
WINDOW,228.0,90.0,9,0.0,0.0,1.8333334,2.2085693,2.2222223,2.4645634
WINDOW,161.0,135.0,9,0.0,0.0,0.055555563,0.13608278,0.11111113,0.17213261
WINDOW,250.0,131.0,9,0.0,0.0,0.0,0.0,0.0,0.0
WINDOW,215.0,84.0,9,0.0,0.0,0.33333334,0.29814252,0.3888893,0.3277306
WINDOW,247.0,108.0,9,0.11111111,0.0,0.72222215,0.611616,2.1111114,1.9512583
WINDOW,33.0,90.0,9,0.11111111,0.0,0.49999985,0.4082481,1.8333335,0.5477228
WINDOW,121.0,112.0,9,0.0,0.0,2.3888886,1.7690756,0.5000003,0.2788867
WINDOW,34.0,93.0,9,0.0,0.0,0.55555564,0.2721653,0.3888887,0.38968167
WINDOW,195.0,119.0,9,0.0,0.11111111,3.611111,1.4050171,1.2222223,0.91084015
WINDOW,22.0,114.0,9,0.11111111,0.0,0.94444436,1.1626916,1.1666664,0.40824813
WINDOW,61.0,92.0,9,0.0,0.0,1.2777777,1.0628407,0.55555534,0.6206325
WINDOW,45.0,111.0,9,0.0,0.0,0.49999967,0.34960282,0.9999998,0.7888104
WINDOW,40.0,142.0,9,0.0,0.0,0.27777782,0.1360828,0.22222225,0.17213261
WINDOW,124.0,98.0,9,0.0,0.0,0.9999997,1.0110505,1.2222217,1.2938603
WINDOW,57.0,89.0,9,0.0,0.0,1.7222222,1.3066783,6.1666665,4.7034264
WINDOW,187.0,89.0,9,0.0,0.0,1.7777777,1.7469549,0.9444444,0.80046284
WINDOW,59.0,116.0,9,0.0,0.0,3.0000007,2.8126693,0.7777777,0.45542037
WINDOW,58.0,113.0,9,0.0,0.0,3.4444447,1.2232318,0.7222223,0.38968182
WINDOW,209.0,94.0,9,0.0,0.0,1.0000002,0.7601168,0.6111111,0.49065334
WINDOW,33.0,99.0,9,0.0,0.0,1.5555557,1.2590411,2.4444444,1.128749
WINDOW,38.0,134.0,9,0.0,0.0,0.16666667,0.18257421,0.33333334,0.2108186
WINDOW,43.0,141.0,9,0.0,0.0,0.44444442,0.17213267,0.16666667,0.18257418
WINDOW,60.0,116.0,9,0.0,0.0,0.7222226,0.38968164,0.7777774,0.34426582
WINDOW,54.0,142.0,9,0.0,0.0,0.7222223,0.82775915,2.0,2.1081848
WINDOW,8.0,93.0,9,0.0,0.0,0.8333333,0.45946798,1.0555559,0.9289585
WINDOW,59.0,135.0,9,0.0,0.0,0.16666667,0.18257421,0.055555556,0.13608277
WINDOW,76.0,89.0,9,0.0,0.0,1.0555558,0.952579,3.2777784,2.4532664
WINDOW,95.0,97.0,9,0.0,0.0,0.611111,0.534027,0.7777774,0.45541978
WINDOW,57.0,93.0,9,0.0,0.0,0.38888898,0.38968158,0.22222202,0.17213243
WINDOW,47.0,89.0,9,0.0,0.0,0.55555564,0.17213255,3.611111,3.83792
WINDOW,83.0,96.0,9,0.0,0.0,0.49999967,0.45946804,0.6666663,0.5163983
WINDOW,137.0,92.0,9,0.0,0.0,7.3888893,7.3799014,0.7777779,0.34426498
WINDOW,42.0,133.0,9,0.0,0.0,1.1666667,1.9061303,2.7222223,3.1581755
WINDOW,83.0,117.0,9,0.0,0.0,1.8333334,1.3784049,0.7222223,0.49065298
WINDOW,134.0,93.0,9,0.0,0.0,0.38888898,0.25092435,0.88888866,0.5443307
WINDOW,112.0,120.0,9,0.11111111,0.0,1.3333334,1.0327947,2.222222,1.7083671
WINDOW,56.0,141.0,9,0.0,0.0,0.16666669,0.18257418,0.33333337,-1.5894573e-8
WINDOW,54.0,134.0,9,0.0,0.0,0.22222222,0.029629637,0.055555556,0.01851852
WINDOW,57.0,118.0,9,0.0,0.0,2.833334,5.5,1.2222223,0.87407327
WINDOW,113.0,114.0,9,0.0,0.0,0.94444466,0.5074079,0.33333364,0.08888922
WINDOW,51.0,141.0,9,0.0,0.0,0.5555556,0.11851845,0.22222225,0.074074075
WINDOW,97.0,90.0,9,0.0,0.0,1.8888892,2.5629632,3.6111114,8.507409
WINDOW,58.0,140.0,9,0.0,0.0,0.055555556,0.01851852,0.22222225,0.029629627
WINDOW,94.0,135.0,9,0.0,0.0,2.277778,1.2629623,0.5555555,0.38518512
WINDOW,136.0,92.0,9,0.0,0.0,8.055554,44.774082,1.0,0.17777748
WINDOW,17.0,94.0,9,0.0,0.0,1.7222223,3.174073,1.0555557,0.9518536
WINDOW,96.0,141.0,9,0.0,0.0,1.5555555,0.7407407,0.44444445,0.11851848
WINDOW,14.0,135.0,9,0.0,0.0,0.27777776,0.062962964,0.27777776,0.06296293
